,Lat,Long,Temp (F),Humidity (%),Cloudiness (%),Wind Speed (mph),City ID,City Name,Country
0,41.37,-73.41,63.37,100,90,4.7,5282297,Bethel,US
1,35.54,106.69,59.36,32,0,6.8,1798760,Pingliang,CN
2,0.6,-80.03,73.96,81,100,6.22,3653967,Muisne,EC
3,-17.71,-39.25,73.8,87,93,3.4,3466980,Caravelas,BR
4,52.75,87.75,53.91,56,100,3.13,1491197,Spassk,RU
5,-23.12,-134.97,73.71,74,93,2.95,4030556,Rikitea,PF
6,-54.8,-68.3,44.6,65,75,3.36,3833367,Ushuaia,AR
7,-35.1,173.78,61.0,89,100,3.74,2189343,Kaeo,NZ
8,-34.42,19.23,66.0,70,0,7.0,3366880,Hermanus,ZA
9,-16.62,-72.71,61.81,79,100,6.02,3945985,Camaná,PE
10,72.79,-56.15,25.74,95,97,4.03,3418910,Upernavik,GL
11,-38.0,-57.56,54.46,76,11,12.75,3430863,Mar del Plata,AR
12,-53.15,-70.92,44.29,75,75,12.75,3874787,Punta Arenas,CL
13,-33.59,26.89,71.8,58,0,8.75,964432,Port Alfred,ZA
14,50.2,17.83,50.97,91,65,3.0,3099174,Głubczyce,PL
15,41.17,75.81,48.63,42,100,3.49,1528796,At-Bashi,KG
16,-21.36,55.77,78.37,61,75,24.16,935215,Saint-Philippe,RE
17,22.08,-159.32,73.94,83,75,5.82,5848280,Kapaa,US
18,25.29,32.55,89.11,15,0,3.69,355449,Esna,EG
19,-23.38,150.5,82.4,54,14,10.29,2151437,Rockhampton,AU
20,27.98,-114.06,66.7,89,2,8.79,4021858,Guerrero Negro,MX
21,-28.77,114.6,73.4,53,0,23.04,2070998,Geraldton,AU
22,60.92,-46.05,26.6,68,2,3.36,3421719,Narsaq,GL
23,71.92,114.08,6.28,94,5,7.11,2017155,Saskylakh,RU
24,-0.74,-90.35,66.0,96,99,3.0,3652764,Puerto Ayora,EC
25,-9.8,-139.03,78.22,74,1,15.32,4020109,Atuona,PF
26,55.97,12.02,55.78,91,99,14.0,2621910,Frederiksværk,DK
27,-3.42,114.85,86.0,79,40,5.82,1636022,Martapura,ID
28,27.91,-15.54,65.71,82,20,10.29,2511150,Santa Lucía,ES
29,66.42,112.4,5.0,92,90,2.24,2014624,Udachny,RU
30,-29.86,31.03,70.25,73,35,6.93,1007311,Durban,ZA
31,1.2,-70.17,72.3,97,100,1.41,3674676,Mitú,CO
32,53.94,139.92,39.07,95,100,3.56,2019935,Mnogovershinnyy,RU
33,42.57,-0.55,55.0,87,22,4.88,3120211,Jaca,ES
34,39.64,141.95,63.27,74,100,9.91,2111884,Miyako,JP
35,67.67,12.69,39.2,69,75,10.29,3137469,Sørland,NO
36,68.75,161.3,22.1,95,22,11.7,2126199,Cherskiy,RU
37,-13.7,-76.22,61.32,87,69,10.29,3932145,Pisco,PE
38,47.67,-52.73,50.32,93,90,9.17,6167817,Torbay,CA
39,-46.28,169.85,52.0,83,100,5.99,2208248,Kaitangata,NZ
40,35.73,140.83,68.0,77,75,5.82,2112802,Hasaki,JP
41,-34.61,-58.38,56.84,93,90,21.92,3435910,Buenos Aires,AR
42,-42.78,147.06,56.37,45,64,5.99,2155415,New Norfolk,AU
43,70.02,135.6,11.32,95,100,6.35,2013921,Ust-Kuyga,RU
44,38.19,15.55,63.03,72,40,4.7,2524170,Messina,IT
45,37.46,-122.43,58.53,77,1,1.86,5354943,Half Moon Bay,US
46,38.52,-28.7,60.8,67,75,6.93,3372707,Ribeira Grande,PT
47,6.64,122.27,89.6,66,40,4.7,1681079,Tuburan,PH
48,-46.6,168.33,60.01,59,100,1.01,2206939,Bluff,NZ
49,-21.64,-41.05,72.3,88,30,10.49,3448903,São João da Barra,BR
50,27.85,-105.48,70.66,35,0,7.52,3995142,Naica,MX
51,42.1,-79.24,52.21,93,90,3.36,5122534,Jamestown,US
52,44.81,123.15,43.63,52,0,10.92,2036338,Kaitong,CN
53,22.89,-109.91,79.0,75,0,1.01,3985710,Cabo San Lucas,MX
54,38.25,-104.61,48.65,36,1,5.99,5435464,Pueblo,US
55,36.62,-121.92,55.4,93,1,2.71,5380437,Pacific Grove,US
56,-1.76,-48.8,75.2,94,13,2.24,3408424,Ipixuna,BR
57,18.46,-69.3,73.4,100,40,5.93,3493032,San Pedro de Macorís,DO
58,59.7,30.79,39.96,93,90,8.95,546105,Nikolskoye,RU
59,-17.0,145.43,79.59,65,75,11.41,2158767,Mareeba,AU
60,20.87,-90.4,78.73,87,64,7.29,3531368,Celestún,MX
61,73.51,80.55,27.18,95,100,8.19,1507390,Dikson,RU
62,53.97,121.97,32.14,77,0,8.59,2012938,Yerofey Pavlovich,RU
63,37.73,-25.67,59.0,82,40,9.17,3372783,Ponta Delgada,PT
64,43.32,145.57,60.8,77,75,13.87,2128975,Nemuro,JP
65,-15.95,-44.86,71.4,87,100,4.38,3449176,São Francisco,BR
66,52.24,-3.38,45.34,92,35,8.68,2644122,Llandrindod Wells,GB
67,-46.19,168.86,60.01,59,100,1.01,6201424,Mataura,NZ
68,44.15,-87.57,39.74,86,90,5.26,5276609,Two Rivers,US
69,57.79,-152.41,44.6,66,40,19.46,5866583,Saint Paul Harbor,US
70,36.75,3.04,71.6,40,75,4.7,2507480,Algiers,DZ
71,61.95,159.23,32.31,90,51,4.12,2125693,Evensk,RU
72,-23.94,31.14,71.6,68,23,3.36,965528,Phalaborwa,ZA
73,43.21,-75.46,51.55,93,90,2.08,5134295,Rome,US
74,69.45,-133.04,18.95,93,89,11.39,6170031,Tuktoyaktuk,CA
75,12.48,-16.55,79.72,94,40,4.7,2246901,Oussouye,SN
76,77.48,-69.36,19.74,90,100,7.47,3831208,Qaanaaq,GL
77,45.83,-72.57,46.0,93,14,6.64,6138310,Saint-Germain-de-Grantham,CA
78,32.67,-17.1,57.88,59,20,6.93,2264557,Ponta do Sol,PT
79,60.38,92.63,42.26,74,100,12.59,1489656,Teya,RU
80,62.58,6.13,38.8,75,85,12.75,3141667,Roald,NO
81,-17.83,-149.27,78.4,74,75,2.24,4033543,Teahupoo,PF
82,53.05,158.65,50.0,34,0,4.47,2122104,Petropavlovsk-Kamchatskiy,RU
83,-24.87,113.63,77.0,53,0,18.34,2074865,Carnarvon,AU
84,62.23,-6.59,32.0,63,67,8.99,2618795,Klaksvík,FO
85,17.49,44.13,80.6,14,0,4.7,103630,Najrān,SA
86,69.7,170.31,31.53,97,100,11.18,2122090,Pevek,RU
87,3.64,18.59,80.15,72,94,0.6,2384377,Mongoumba,CF
88,63.91,38.14,30.31,96,100,7.61,515246,Onega,RU
89,15.85,-97.07,78.17,82,93,5.77,3520994,Puerto Escondido,MX
90,69.22,-51.1,28.4,86,100,9.17,3423146,Ilulissat,GL
91,-19.55,169.27,80.6,78,75,9.04,2136825,Isangel,VU
92,-42.88,147.33,56.12,62,75,12.75,2163355,Hobart,AU
93,67.68,53.15,27.3,97,40,10.04,866062,Iskateley,RU
94,64.5,-165.41,34.61,80,90,3.36,5870133,Nome,US
95,39.96,-4.83,57.58,89,100,2.66,2510693,Talavera de la Reina,ES
96,64.86,11.24,30.2,92,40,3.36,3141310,Rørvik,NO
97,67.54,133.38,8.47,93,32,3.83,2013465,Verkhoyansk,RU
98,31.71,-98.99,69.8,73,75,8.05,4676798,Brownwood,US
99,-14.44,-67.53,71.06,92,58,1.57,3906209,Rurrenabaque,BO
100,63.75,-68.51,32.0,93,90,2.15,5983720,Iqaluit,CA
101,46.84,-1.87,53.98,100,90,4.74,3027513,Challans,FR
102,29.33,113.09,74.73,44,0,8.9,1927639,Yueyang,CN
103,-22.97,-42.03,72.16,84,0,11.43,3471451,Arraial do Cabo,BR
104,40.43,71.72,62.6,33,100,11.41,1513491,Yangi Marg`ilon,UZ
105,34.69,135.8,69.26,68,75,1.12,1855612,Nara,JP
106,71.29,-156.79,33.8,93,90,17.22,5880054,Barrow,US
107,-33.65,115.33,69.58,26,0,13.82,2075265,Busselton,AU
108,-20.93,29.0,71.2,57,23,14.16,890516,Gwanda,ZW
109,71.04,27.85,21.2,85,0,3.36,778707,Mehamn,NO
110,64.86,-147.8,23.29,85,90,3.36,5859699,College,US
111,37.08,41.07,82.4,18,0,9.17,303750,Tall Kayf,TR
112,-0.88,131.25,84.49,72,31,8.1,1626542,Sorong,ID
113,-14.41,-56.45,75.67,66,28,1.54,3464724,Diamantino,BR
114,-23.65,-70.4,59.0,82,90,8.05,3899539,Antofagasta,CL
115,14.9,-24.5,80.29,74,0,5.46,3374210,São Filipe,CV
116,28.66,-17.92,66.2,68,20,6.93,2514651,Los Llanos de Aridane,ES
117,-7.26,-64.8,73.72,95,98,1.95,3663684,Lábrea,BR
118,60.75,-137.51,20.14,83,0,2.04,5969025,Haines Junction,CA
119,34.88,-76.9,68.0,94,1,4.81,4470244,Havelock,US
120,64.38,-173.3,41.0,80,75,4.47,4031574,Provideniya,RU
121,71.69,128.87,13.68,95,100,5.79,2015306,Tiksi,RU
122,-2.57,150.8,83.97,70,55,8.57,2094342,Kavieng,PG
123,38.01,-3.37,59.0,82,76,1.99,2510116,Úbeda,ES
124,61.99,5.14,43.0,78,100,23.44,3146487,Raudeberg,NO
125,24.69,46.72,78.8,16,0,9.17,108410,Riyadh,SA
126,12.88,-14.95,78.8,94,83,4.07,2249782,Kolda,SN
127,-21.2,-175.2,73.4,73,75,8.05,4032243,Vaini,TO
128,45.05,136.61,55.94,80,95,2.01,2015352,Terney,RU
129,15.8,-84.28,78.98,88,0,8.05,3614835,Barra Patuca,HN
130,65.58,-171.0,35.71,94,56,1.52,4031637,Lavrentiya,RU
131,-16.23,39.91,84.47,53,0,12.39,1052944,Angoche,MZ
132,37.72,-25.43,59.0,82,40,9.17,3372472,Vila Franca do Campo,PT
133,62.1,126.7,19.38,96,82,2.19,2026861,Berdigestyakh,RU
134,-32.72,152.15,73.85,69,20,17.22,2155562,Nelson Bay,AU
135,66.77,123.37,17.98,96,90,9.22,2012530,Zhigansk,RU
136,62.16,-7.17,32.0,75,60,6.26,2610343,Vestmanna,FO
137,42.6,-73.97,59.79,80,100,2.77,5106841,Albany,US
138,35.31,46.99,57.2,26,0,2.24,117574,Sanandij,IR
139,60.47,166.1,36.23,90,100,6.15,2120591,Tilichiki,RU
140,-24.79,-50.01,56.98,93,70,10.07,3466704,Castro,BR
141,5.41,100.34,79.75,78,40,5.82,1735106,George Town,MY
142,-37.32,-59.13,52.0,96,95,3.0,3427833,Tandil,AR
143,50.6,97.52,48.74,45,0,0.87,1501377,Kungurtug,RU
144,70.47,-68.59,17.6,72,1,8.05,5924351,Clyde River,CA
145,34.98,139.87,68.9,73,75,9.17,1850523,Tateyama,JP
146,25.47,-108.1,78.49,82,0,1.99,4005297,Guamúchil,MX
147,6.71,121.97,89.6,66,40,4.7,1710519,Isabela,PH
148,71.97,102.5,13.8,95,100,10.33,2022572,Khatanga,RU
149,-30.18,-50.21,65.48,88,100,17.96,3466165,Cidreira,BR
150,-20.32,118.57,89.6,31,88,17.22,2063042,Port Hedland,AU
151,-21.21,-159.78,73.4,88,100,3.36,4035715,Avarua,CK
152,40.6,-124.16,49.53,87,1,10.29,5563839,Fortuna,US
153,46.07,30.47,55.2,66,9,11.18,687557,Zatoka,UA
154,-33.87,121.9,60.8,82,90,14.99,2071860,Esperance,AU
155,47.17,-55.15,55.0,100,100,5.99,6067472,Marystown,CA
156,-20.19,32.62,67.75,76,76,5.61,893549,Chipinge,ZW
157,60.14,-45.24,33.33,83,0,33.53,3421765,Nanortalik,GL
158,17.02,54.09,86.0,70,20,4.7,286621,Salalah,OM
159,-0.6,73.08,83.23,74,0,13.22,1282256,Hithadhoo,MV
160,19.73,-155.09,70.79,83,20,3.36,5855927,Hilo,US
161,54.89,9.68,57.13,87,75,11.41,2623394,Broager,DK
162,-39.03,-67.58,45.93,83,0,5.01,3855065,General Roca,AR
163,29.27,82.18,67.23,26,0,6.91,1283285,Jumla,NP
164,-33.02,27.91,73.4,60,0,11.41,1006984,East London,ZA
165,-9.17,-60.63,72.91,95,100,1.45,3665202,Aripuanã,BR
166,48.01,91.64,45.12,50,0,3.31,1516048,Khovd,MN
167,64.89,-23.71,38.55,90,100,22.59,3414079,Olafsvik,IS
168,5.38,-52.95,79.03,84,29,8.7,3380290,Sinnamary,GF
169,-9.66,120.26,87.12,58,5,11.54,1622318,Waingapu,ID
170,13.22,-59.52,82.4,78,20,16.11,3374083,Bathsheba,BB
171,70.63,147.92,13.15,96,100,6.8,2126123,Chokurdakh,RU
172,55.74,-97.86,23.0,92,90,3.36,6165406,Thompson,CA
173,-38.27,141.97,56.57,78,100,13.33,2171099,Codrington,AU
174,20.9,70.37,87.85,60,0,7.18,1253237,Verāval,IN
175,49.76,129.52,35.78,74,70,9.1,2016680,Shirokiy,RU
176,65.28,-126.83,21.2,85,90,6.93,6089245,Norman Wells,CA
177,-5.36,104.97,87.06,64,100,6.93,1630639,Pringsewu,ID
178,60.4,-1.35,44.6,70,40,19.46,2654970,Brae,GB
179,10.09,-67.92,71.51,87,11,1.59,3646062,Tacarigua,VE
180,-14.07,-39.64,70.05,92,100,1.61,3461565,Ibirataia,BR
181,37.53,121.4,56.98,51,8,13.53,1787093,Yantai,CN
182,34.64,-120.46,57.83,87,90,1.28,5367788,Lompoc,US
183,30.57,79.57,65.3,25,1,8.19,1268814,Joshīmath,IN
184,39.5,26.97,66.2,72,20,11.41,320369,Burhaniye,TR
185,65.42,-52.9,25.9,94,98,10.13,3421982,Maniitsoq,GL
186,-14.74,-50.57,71.78,80,92,3.51,3456642,Mozarlândia,BR
187,69.49,88.4,12.2,85,40,4.47,1490256,Talnakh,RU
188,48.0,122.72,37.71,61,0,17.92,2033225,Zhalantun,CN
189,13.08,109.3,80.42,74,100,13.85,1563281,Tuy Hoa,VN
190,-41.41,175.52,55.62,71,0,18.34,2206874,Waipawa,NZ
191,-43.3,-65.1,53.38,45,0,24.14,3839307,Rawson,AR
192,38.04,14.02,63.93,66,49,1.99,2525041,Cefalù,IT
193,32.45,-99.73,72.23,64,1,19.46,4669635,Abilene,US
194,-15.43,-74.62,62.6,62,63,3.15,3948613,Acarí,PE
195,68.05,166.44,19.62,95,11,2.75,2126682,Bilibino,RU
196,-33.92,25.57,66.2,68,0,3.36,964420,Port Elizabeth,ZA
197,63.05,179.32,38.77,89,50,6.46,2126710,Beringovskiy,RU
198,-20.02,148.23,86.0,42,0,12.75,2174444,Bowen,AU
199,47.26,17.15,45.32,100,75,2.24,3054533,Celldömölk,HU
200,51.15,37.89,49.03,69,86,1.21,487928,Novikovo,RU
201,-34.53,20.04,62.6,77,75,5.82,1015776,Bredasdorp,ZA
202,41.76,86.15,65.28,23,0,9.31,1529376,Korla,CN
203,66.94,-53.67,28.9,92,89,5.01,3419842,Sisimiut,GL
204,42.78,-9.06,55.09,90,38,11.99,3115824,Muros,ES
205,-26.65,15.16,61.95,74,100,15.99,3355672,Lüderitz,NA
206,-33.7,-53.46,58.75,75,100,13.15,3443061,Chui,UY
207,-6.88,112.21,87.31,60,17,10.76,8079926,Labuhan,ID
208,-3.35,-64.71,72.54,91,100,1.03,3661944,Tefé,BR
209,51.38,1.39,55.4,87,0,3.0,2643044,Margate,GB
210,20.45,106.33,82.4,39,97,5.82,1566346,Thai Binh,VN
211,-34.73,135.87,63.52,71,100,12.84,2063036,Port Lincoln,AU
212,50.68,156.12,41.04,71,29,5.17,2121385,Severo-Kuril'sk,RU
213,-20.9,55.55,75.27,61,75,26.4,935255,Sainte-Marie,RE
214,-36.83,175.7,63.0,85,42,1.01,2179103,Whitianga,NZ
215,-33.01,17.94,57.2,82,0,8.05,3361934,Saldanha,ZA
216,-8.84,13.23,77.0,78,75,3.36,2240449,Luanda,AO
217,62.46,-114.35,21.34,92,90,8.05,6185377,Yellowknife,CA
218,10.57,72.64,86.0,70,20,5.82,1267390,Kavaratti,IN
219,59.1,25.35,48.56,93,90,9.17,591064,Ardu,EE
220,-35.33,-72.42,50.18,74,0,8.57,3893726,Constitución,CL
221,4.93,-52.33,77.0,100,76,8.3,3382160,Cayenne,GF
222,28.5,-106.0,70.0,37,0,5.01,4014336,Chihuahua,MX
223,5.28,115.24,87.39,70,40,9.17,1733782,Labuan,MY
224,5.18,97.15,86.04,64,100,6.91,1214658,Lhokseumawe,ID
225,25.47,78.15,91.38,18,21,2.71,1267786,Karera,IN
226,-33.46,-70.65,54.16,81,23,5.82,3871336,Santiago,CL
227,54.43,113.6,32.7,80,10,2.48,2027244,Bagdarin,RU
228,58.0,102.66,45.68,69,69,11.07,2013952,Ust'-Ilimsk,RU
229,-16.48,-151.75,79.02,72,100,11.99,4034551,Faanui,PF
230,-2.02,147.27,83.16,74,78,4.5,2092164,Lorengau,PG
231,-33.93,18.42,67.05,77,0,9.17,3369157,Cape Town,ZA
232,3.07,172.79,82.22,71,31,9.08,2110227,Butaritari,KI
233,46.49,135.88,41.77,96,99,0.98,2013279,Vostok,RU
234,-8.88,147.74,79.3,72,100,2.51,2093691,Kokoda,PG
235,1.49,124.85,89.6,59,40,2.24,1636544,Manado,ID
236,47.61,13.78,47.75,76,98,11.41,2782070,Bad Aussee,AT
237,6.75,-11.37,76.89,86,90,3.91,2274275,Robertsport,LR
238,-34.0,24.73,73.99,45,0,3.0,986717,Kruisfontein,ZA
239,22.29,114.16,81.9,45,79,15.99,1819729,Hong Kong,HK
240,70.95,27.35,21.2,85,13,3.36,779261,Kjøllefjord,NO
241,-2.99,-65.11,73.2,95,100,0.98,3661756,Uarini,BR
242,9.49,76.33,83.03,70,100,8.52,1278985,Alappuzha,IN
243,18.39,42.45,66.2,17,25,8.05,110690,Faya,SA
244,-1.83,-44.87,74.48,90,79,3.83,3401148,Cururupu,BR
245,-8.75,-67.4,72.18,97,100,1.28,3664956,Boca do Acre,BR
246,-25.24,130.99,100.4,10,75,26.4,6355222,Yulara,AU
247,39.36,-9.38,53.33,91,0,7.07,2264923,Peniche,PT
248,-10.75,-77.77,60.58,91,82,6.98,3946820,Barranca,PE
249,38.32,26.31,68.0,72,20,6.93,318755,Çeşme,TR
250,-22.67,167.48,73.58,87,0,16.46,2137773,Vao,NC
251,-19.06,-169.92,75.2,88,100,14.99,4036284,Alofi,NU
252,-29.66,22.75,84.16,23,0,12.28,964090,Prieska,ZA
253,11.28,-15.83,81.97,83,27,10.6,2374583,Bubaque,GW
254,-8.1,156.84,82.9,74,85,9.48,2108857,Gizo Government Station,SB
255,-3.8,102.27,79.3,77,100,5.39,1649150,Bengkulu,ID
256,66.56,67.8,15.6,96,63,5.91,1512019,Aksarka,RU
257,5.4,26.49,73.54,89,98,3.8,236950,Obo,CF
258,39.18,-84.53,59.7,93,90,3.62,4513583,Hamilton,US
259,29.96,122.3,65.44,74,100,16.71,1795632,Shenjiamen,CN
260,-39.37,-72.63,35.6,100,0,1.12,3882582,Loncoche,CL
261,-35.72,150.18,63.05,92,85,4.0,2176639,Batemans Bay,AU
262,-33.13,148.18,79.0,52,100,2.04,2153778,Parkes,AU
263,54.34,89.93,53.91,41,100,19.39,1489048,Tuim,RU
264,-45.87,170.5,52.0,83,100,5.99,2191562,Dunedin,NZ
265,53.96,105.88,43.23,62,61,3.91,2023333,Kachug,RU
266,-20.41,57.7,80.6,57,75,14.99,934322,Mahébourg,MU
267,51.5,-107.05,18.66,93,95,7.54,6095416,Outlook,CA
268,51.26,-80.61,24.8,92,1,4.7,6078372,Moose Factory,CA
269,56.21,15.28,57.2,87,75,14.99,2681825,Ronneby,SE
270,-25.27,23.28,78.67,36,0,20.74,932960,Werda,BW
271,57.05,-135.33,33.8,50,1,6.93,5557293,Sitka,US
272,-43.53,172.63,53.22,81,100,16.11,2192362,Christchurch,NZ
273,-20.34,57.76,80.31,57,75,14.99,1106677,Bambous Virieux,MU
274,-17.88,36.89,77.0,88,75,9.17,1028434,Quelimane,MZ
275,20.93,-17.03,69.8,77,0,13.87,2377457,Nouadhibou,MR
276,8.41,20.65,73.38,79,100,2.3,237379,Ndélé,CF
277,66.15,-65.71,24.87,94,100,2.26,6096551,Pangnirtung,CA
278,-19.76,-44.31,66.2,93,91,10.29,3464008,Esmeraldas,BR
279,14.92,-23.51,78.8,74,20,16.11,3374333,Praia,CV
280,45.02,-93.22,30.99,86,90,4.09,5044290,Saint Anthony,US
281,69.41,86.18,12.2,85,40,4.47,1507116,Dudinka,RU
282,42.25,-75.83,58.28,93,90,3.36,5110365,Broome,US
283,-38.15,144.57,60.1,72,100,11.41,2171320,Clifton Springs,AU
284,-17.8,-63.17,73.4,88,40,2.24,3904906,Santa Cruz de la Sierra,BO
285,-2.92,-39.92,78.85,82,97,14.38,3393692,Itarema,BR
286,9.99,122.81,86.65,69,100,10.18,1709968,Kabankalan,PH
287,49.75,-77.63,33.8,100,90,3.36,6067747,Matagami,CA
288,39.05,-27.98,63.16,68,98,14.32,3372964,Lagoa,PT
289,-51.62,-69.22,44.6,75,100,4.7,3838859,Río Gallegos,AR
290,-6.22,155.63,81.88,75,100,4.79,2094027,Kieta,PG
291,-23.68,22.79,75.92,43,0,20.0,933692,Kang,BW
292,-28.55,16.43,63.37,72,93,16.98,3354071,Oranjemund,NA
293,-34.57,146.4,86.07,21,16,4.7,2160413,Leeton,AU
294,-20.73,139.5,91.4,27,75,8.05,2065594,Mount Isa,AU
295,37.1,-113.58,60.87,18,1,0.85,5546220,Saint George,US
296,53.92,-122.75,24.8,68,90,10.29,6113365,Prince George,CA
297,69.38,178.42,32.95,92,100,0.94,2123814,Leningradskiy,RU
298,10.65,-9.88,71.56,89,46,1.48,2418437,Kouroussa,GN
299,64.75,177.48,37.18,86,45,6.71,2127202,Anadyr,RU
300,26.56,31.69,87.37,25,0,7.09,347796,Sohag,EG
301,-34.58,150.86,69.33,68,40,8.05,6255012,Flinders,AU
302,12.48,123.38,86.58,73,7,8.93,1692364,Puro,PH
303,55.17,124.72,25.41,88,89,8.12,2014718,Tynda,RU
304,-20.52,57.52,80.6,57,75,14.99,933995,Souillac,MU
305,9.49,50.81,85.53,43,11,4.81,64814,Bandarbeyla,SO
306,9.18,105.15,82.06,83,100,4.99,1586443,Ca Mau,VN
307,35.62,-117.67,73.4,16,1,10.29,5387494,Ridgecrest,US
308,-0.13,-67.09,73.72,97,100,0.58,3662342,São Gabriel da Cachoeira,BR
309,14.35,3.32,86.2,25,0,4.07,2444995,Filingué,NE
310,-37.62,-73.65,45.73,88,7,14.81,3883457,Lebu,CL
311,70.37,31.11,33.8,86,20,11.41,777019,Vardø,NO
312,0.05,18.26,77.29,76,96,3.27,2312895,Mbandaka,CD
313,13.22,18.34,87.75,14,0,5.46,2436400,Ati,TD
314,54.43,31.9,42.13,92,100,10.69,525426,Sobolevo,RU
315,25.52,90.22,80.71,82,88,0.31,1254046,Tura,IN
316,20.5,-10.07,79.18,22,0,3.13,2381972,Adrar,MR
317,27.02,75.0,90.14,19,8,3.8,1261647,Nāwa,IN
318,58.21,-6.39,43.52,81,75,6.93,2636790,Stornoway,GB
319,19.22,-98.81,60.39,55,20,10.29,3761194,Miraflores,MX
320,58.33,68.13,34.61,85,61,6.04,1505495,Irtyshskiy,RU
321,15.13,-23.22,78.8,74,20,16.11,3374120,Vila do Maio,CV
322,36.29,-76.25,62.28,93,20,1.54,4465088,Elizabeth City,US
323,-34.05,23.37,72.64,35,0,2.46,964712,Plettenberg Bay,ZA
324,7.02,39.98,61.36,53,12,5.59,336350,Goba,ET
325,64.57,143.2,12.4,89,100,5.5,2120048,Ust-Nera,RU
326,49.78,-74.85,32.0,99,90,11.41,5919850,Chapais,CA
327,44.77,-117.83,32.43,91,1,6.93,5712169,Baker City,US
328,-28.78,32.04,73.99,58,87,8.7,962367,Richards Bay,ZA
329,24.78,112.38,74.64,44,0,10.94,1803841,Lianzhou,CN
330,14.2,24.67,80.28,15,26,19.33,371745,Kutum,SD
331,29.06,-13.56,66.2,82,20,5.82,2510573,Teguise,ES
332,56.89,21.19,54.59,93,100,16.11,456827,Pāvilosta,LV
333,41.33,2.09,66.15,88,20,6.93,3123329,el Prat de Llobregat,ES
334,13.78,124.39,86.38,70,0,10.45,1712961,Gigmoto,PH
335,16.65,-98.98,77.31,86,85,4.9,3530264,Copala,MX
336,-20.22,-70.14,62.6,77,90,10.29,3887127,Iquique,CL
337,33.19,-82.53,63.95,81,1,4.7,4231997,Avera,US
338,61.06,28.19,40.42,100,90,9.17,648900,Lappeenranta,FI
339,64.84,-147.72,23.65,85,90,6.93,5861897,Fairbanks,US
340,30.48,-115.95,66.13,80,99,6.22,3984997,San Quintín,MX
341,48.83,58.14,39.65,65,72,13.73,609924,Emba,KZ
342,-29.78,151.12,70.93,60,44,3.0,2162662,Inverell,AU
343,25.93,81.98,89.73,42,0,3.98,1276574,Bela,IN
344,-22.06,-46.98,65.19,83,3,1.57,3472969,Aguaí,BR
345,-19.8,-174.35,75.2,73,75,12.75,4032369,Pangai,TO
346,64.25,-15.21,37.53,78,100,9.17,2630299,Hofn,IS
347,51.1,66.32,35.65,89,100,18.54,1524606,Derzhavīnsk,KZ
348,-20.33,-40.29,73.4,94,90,6.93,3445026,Vila Velha,BR
349,48.04,28.9,53.65,54,0,1.3,618453,Zahnitkiv,UA
350,-22.51,-44.0,64.06,90,78,2.57,3453767,Pinheiral,BR
351,38.51,115.0,66.2,14,0,11.18,1812728,Dingzhou,CN
352,4.14,96.13,85.62,66,100,7.76,1214488,Meulaboh,ID
353,42.16,-72.33,62.87,100,90,3.36,4946620,Palmer,US
354,-10.82,-42.73,75.09,61,0,18.43,3444823,Xique-Xique,BR
355,-3.02,16.9,77.13,80,78,2.51,2312249,Mushie,CD
356,56.17,91.82,55.4,35,100,8.95,1538641,Kedrovyy,RU
357,-15.97,-54.97,74.66,71,6,1.05,3460355,Jaciara,BR
358,-20.48,-55.81,76.21,70,81,3.58,3472284,Anastácio,BR
359,44.02,-107.96,37.8,69,75,3.36,5843495,Worland,US
360,1.74,98.78,80.55,70,100,1.41,1213855,Sibolga,ID
361,54.52,-128.6,33.8,100,75,3.36,6162949,Terrace,CA
362,69.01,23.04,24.17,97,100,12.5,779330,Kautokeino,NO
363,-28.24,-48.67,68.0,100,75,10.29,3461370,Imbituba,BR
364,54.72,135.31,39.67,80,100,8.05,2025256,Chumikan,RU
365,-14.9,50.28,81.52,57,93,14.34,1071296,Antalaha,MG
366,29.45,55.68,71.6,14,0,7.02,114259,Sīrjān,IR
367,64.9,45.76,27.91,96,87,1.88,535839,Leshukonskoye,RU
368,26.73,33.94,85.1,47,0,14.63,358620,Safaga,EG
369,-0.19,-74.78,71.89,98,98,1.32,3671437,Caucayá,CO
370,54.77,-101.86,22.6,93,98,4.88,5954718,Flin Flon,CA
371,64.18,-51.72,29.21,86,98,8.05,3421319,Nuuk,GL
372,15.74,-96.47,73.99,88,60,4.07,3517970,Pochutla,MX
373,25.21,50.81,91.99,41,0,3.0,289548,Umm Bāb,QA
374,-29.95,-71.34,51.8,87,0,3.36,3893629,Coquimbo,CL
375,22.31,89.79,75.13,96,100,9.64,1185239,Sarankhola,BD
376,11.14,123.72,85.64,67,47,3.78,1685422,Sulangan,PH
377,5.95,80.54,86.11,67,20,15.57,1235846,Matara,LK
378,3.98,13.18,74.55,79,87,1.39,2236053,Abong Mbang,CM
379,62.55,149.67,19.06,86,67,2.15,2119626,Yagodnoye,RU
380,-38.65,178.0,60.01,91,59,1.01,2206854,Gisborne,NZ
381,-1.57,9.26,78.69,84,100,7.61,2396853,Omboué,GA
382,44.83,78.82,53.51,36,100,8.37,1518296,Tekeli,KZ
383,65.61,-37.64,30.2,86,100,1.12,3424607,Tasiilaq,GL
384,63.87,11.3,35.62,100,90,3.36,3135728,Straumen,NO
385,56.07,21.57,57.2,82,75,14.99,595020,Salantai,LT
386,-15.77,128.73,98.6,37,100,11.41,2068110,Kununurra,AU
387,-7.84,-79.15,64.08,82,30,5.08,3698359,Chicama,PE
388,-28.57,-70.76,52.88,77,0,1.81,3868633,Vallenar,CL
389,60.82,-115.8,24.8,73,75,14.99,5972762,Hay River,CA
390,25.34,-108.26,78.49,82,0,1.99,4018499,Nacozari,MX
391,13.38,-16.75,77.0,100,0,8.05,2413753,Brufut,GM
392,53.52,-2.49,49.05,75,100,4.0,2656847,Atherton,GB
393,16.86,-99.89,78.01,83,0,4.27,3533462,Acapulco de Juárez,MX
394,41.71,-70.23,63.37,100,90,3.36,4956335,Yarmouth,US
395,78.22,15.64,24.8,79,75,9.17,2729907,Longyearbyen,SJ
396,11.0,122.67,85.35,77,11,14.16,1714733,Dingle,PH
397,-10.75,-62.22,74.55,89,100,0.49,3924948,Ouro Preto do Oeste,BR
398,15.06,43.29,93.13,36,9,4.05,77408,Bajil,YE
399,18.8,110.4,78.46,65,31,16.69,1791779,Wanning,CN
400,17.65,83.27,86.0,74,90,3.36,1252783,Yārāda,IN
401,10.62,104.18,82.4,83,40,10.29,1831112,Kampot,KH
402,-41.07,145.92,56.26,68,100,3.42,2173125,Burnie,AU
403,-8.77,160.7,80.76,76,99,4.23,2109701,Auki,SB
404,38.5,102.17,58.89,28,0,11.88,1805733,Jinchang,CN
405,44.31,-94.46,30.36,92,1,5.82,5039173,New Ulm,US
406,33.34,44.4,78.8,44,0,9.17,98182,Baghdad,IQ
407,47.38,-61.86,55.18,95,100,23.04,5915327,Cap-aux-Meules,CA
408,-13.2,49.05,96.76,24,10,5.08,1082243,Ambilobe,MG
409,51.02,45.7,41.0,53,100,3.0,542464,Krasnoarmeysk,RU
410,11.67,92.75,84.74,75,17,12.93,1259385,Port Blair,IN
411,-12.23,136.77,87.8,58,40,12.75,2064735,Nhulunbuy,AU
412,62.22,135.8,22.15,96,100,6.51,2024626,Dzhebariki-Khaya,RU
413,35.13,140.3,68.27,62,76,4.0,2112309,Katsuura,JP
414,28.37,129.48,75.2,94,75,9.17,1855540,Naze,JP
415,-16.7,-151.02,79.7,72,100,10.31,4034496,Fare,PF
416,-15.81,35.65,81.09,37,0,6.04,924206,Phalombe,MW
417,-23.78,-45.36,70.57,85,15,3.24,3461425,Ilhabela,BR
418,8.48,8.52,78.39,82,88,0.11,2332515,Lafia,NG
419,50.72,136.63,44.92,68,0,8.14,2016307,Solnechnyy,RU
420,47.47,84.87,65.34,24,0,5.7,1517060,Zaysan,KZ
421,-0.95,-80.73,71.6,83,75,6.93,3654410,Manta,EC
422,68.05,39.51,27.97,96,22,5.5,556268,Ostrovnoy,RU
423,11.5,78.65,85.35,67,100,8.7,1271663,Gangavalli,IN
424,-6.69,111.45,87.13,64,37,7.67,1638352,Lasem,ID
425,10.99,-74.95,82.4,83,20,8.05,3671497,Puerto Colombia,CO
426,27.25,-80.23,76.03,78,1,8.05,4160171,Jensen Beach,US
427,44.61,16.64,41.0,93,0,6.93,3191302,Sanica,BA
428,-32.03,-52.1,62.01,91,100,5.01,3451138,Rio Grande,BR
429,60.72,-135.05,10.2,72,20,1.9,6180550,Whitehorse,CA
430,66.83,70.83,17.22,96,98,12.93,1486321,Yar-Sale,RU
431,0.57,12.86,72.43,93,90,3.56,2399371,Makokou,GA
432,58.81,-122.7,23.0,53,90,6.93,5955902,Fort Nelson,CA
433,-8.93,125.41,72.45,72,84,1.86,1651810,Airai,TL
434,-37.88,147.98,60.49,82,100,4.0,2160735,Lakes Entrance,AU
435,68.61,31.8,15.8,92,40,5.82,475469,Verkhnetulomskiy,RU
436,-21.37,55.62,77.9,65,75,27.51,6690296,Saint-Joseph,RE
437,-22.47,-68.93,51.8,21,80,14.99,3897347,Calama,CL
438,-0.81,12.73,76.01,86,98,1.03,2399870,Lastoursville,GA
439,62.71,56.2,23.83,91,100,9.73,481548,Troitsko-Pechorsk,RU
440,25.83,69.38,96.53,9,0,4.92,1173889,Khipro,PK
441,19.8,85.85,77.0,100,90,9.17,1259184,Puri,IN
442,-38.55,-58.74,52.0,86,100,4.0,3430443,Necochea,AR
443,-31.95,141.43,84.2,17,99,13.87,2173911,Broken Hill,AU
444,13.57,-15.6,75.36,97,58,4.14,2413515,Farafenni,GM
445,48.11,-98.87,24.8,85,1,6.93,5058868,Devils Lake,US
446,16.02,80.92,89.6,75,75,6.93,1278122,Avanigadda,IN
447,51.03,-4.22,49.66,90,77,5.01,2641434,Northam,GB
448,-5.2,-35.46,75.2,94,75,3.36,3386213,Touros,BR
449,-24.02,21.87,79.0,37,0,22.77,933726,Tshane,BW
450,-2.68,111.62,87.62,67,69,5.41,1632694,Pangkalanbuun,ID
451,51.74,58.79,35.06,77,14,17.65,563471,Energetik,RU
452,7.85,9.78,77.92,81,59,3.15,2318921,Wukari,NG
453,61.28,108.01,33.15,94,100,9.22,2012956,Yerbogachën,RU
454,5.67,73.0,81.86,78,80,12.26,1337619,Ugoofaaru,MV
455,12.45,125.29,85.75,75,34,4.56,1730622,Anito,PH
456,51.23,-58.65,39.99,93,100,14.16,6137462,Saint-Augustin,CA
457,53.41,-2.98,49.62,76,75,12.75,2644210,Liverpool,GB
458,20.89,-156.47,76.41,65,1,5.82,5847411,Kahului,US
459,21.35,-158.09,74.73,94,90,3.36,5850554,Makakilo City,US
460,-35.57,138.62,61.0,84,100,9.31,2059470,Victor Harbor,AU
461,-3.01,114.39,86.0,79,40,5.82,1639304,Kualakapuas,ID
462,54.29,30.98,42.94,95,100,12.15,627905,Horki,BY
463,-8.65,115.22,86.0,66,20,13.87,1645528,Denpasar,ID
464,68.5,14.83,35.6,59,40,6.93,3146160,Melbu,NO
465,26.89,88.07,71.38,66,0,5.37,1283334,Birin,NP
466,56.45,138.17,40.17,94,100,11.81,2027316,Ayan,RU
467,40.88,-72.94,63.48,88,90,7.07,5126787,Middle Island,US
468,56.72,24.81,49.42,93,75,12.75,457965,Lielvārde,LV
469,66.0,111.5,5.0,92,90,2.24,2027296,Aykhal,RU
470,-3.22,-64.8,72.43,91,100,1.43,3665380,Alvarães,BR
471,12.07,-1.34,77.0,78,11,4.7,2359227,Kombissiri,BF
472,35.73,116.5,68.43,22,0,10.83,1791428,Wenshang,CN
473,-3.7,128.18,80.6,94,40,4.7,1651531,Ambon City,ID
474,-5.45,-80.75,65.46,79,11,9.62,3699350,Bernal,PE
475,51.39,109.87,42.6,61,0,6.17,2027275,Bada,RU
476,21.46,-71.14,81.23,78,100,16.2,3576994,Cockburn Town,TC
477,-28.0,153.43,72.01,64,90,10.29,2165087,Gold Coast,AU
478,18.22,42.51,66.2,17,42,8.05,110690,Abhā,SA
479,6.5,2.6,80.6,83,40,8.05,2392087,Porto-Novo,BJ
480,31.21,16.59,70.74,55,42,3.24,2210554,Sirte,LY
481,28.17,94.77,88.52,39,0,2.55,1278969,Along,IN
482,68.35,-133.72,17.6,78,40,13.87,5983607,Inuvik,CA
483,3.08,-59.95,79.47,61,42,7.52,3405215,Bonfim,BR
484,-22.96,14.51,61.38,77,90,9.17,3359638,Walvis Bay,NA
485,-10.67,-77.83,62.26,86,61,7.54,3933024,Paramonga,PE
486,50.1,-91.92,32.0,98,90,8.05,6148373,Sioux Lookout,CA
487,38.2,20.43,60.8,93,0,5.82,258175,Lixouri,GR
488,22.68,-3.98,76.93,19,0,1.99,2450173,Taoudenni,ML
489,-10.17,31.37,80.1,38,4,8.97,904241,Mungwi,ZM
490,-2.9,-40.84,76.78,87,95,10.33,3403687,Camocim,BR
491,13.77,109.23,81.28,73,100,14.72,1568574,Qui Nhon,VN
492,-28.47,-65.79,62.33,95,53,4.0,3837702,San Fernando del Valle de Catamarca,AR
493,25.9,-97.5,76.93,83,1,3.76,4676740,Brownsville,US
494,48.85,-54.01,41.0,93,90,18.34,5970873,Hare Bay,CA
495,46.42,3.91,60.37,77,100,6.93,2980080,Saint-François,FR
496,60.55,-151.26,24.06,68,1,6.93,5866063,Kenai,US
497,-3.22,40.12,86.0,70,75,18.34,187968,Malindi,KE
498,-2.23,-80.9,69.55,85,97,8.55,3655131,La Libertad,EC
499,-25.17,46.08,82.96,37,0,10.22,1079048,Ambovombe,MG
500,18.28,-93.32,75.0,94,22,4.29,3516149,Villa Tecolutilla,MX
501,22.76,121.14,84.2,70,75,11.41,6949678,Taitung City,TW
502,-28.87,153.57,70.03,77,90,11.41,2177069,Ballina,AU
503,-35.34,143.55,80.24,32,100,1.99,2147756,Swan Hill,AU
504,62.89,54.96,21.92,95,100,9.71,471308,Voyvozh,RU
505,57.98,61.67,32.9,89,97,10.96,1487272,Verkhnyaya Sinyachikha,RU
506,-28.65,153.62,69.26,77,90,11.41,2172880,Byron Bay,AU
507,42.03,-8.16,48.99,94,34,1.01,7117100,Vila,PT
508,26.54,-77.06,80.13,76,99,18.25,3571913,Marsh Harbour,BS
509,50.7,-127.42,41.0,80,5,8.05,6111862,Port Hardy,CA
510,20.2,1.01,83.05,15,0,6.04,2449893,Tessalit,ML
511,48.28,37.18,53.49,72,100,10.65,704422,Krasnoarmiys'k,UA
512,-22.82,47.83,77.0,65,54,4.85,1065158,Farafangana,MG
513,46.53,-87.63,36.5,80,100,5.53,5000950,Marquette,US
514,-45.87,-67.5,57.2,54,0,17.22,3860443,Comodoro Rivadavia,AR
515,27.2,60.68,80.6,4,0,1.88,1160939,Iranshahr,IR
516,-0.58,117.09,91.78,49,40,6.73,1637510,Loa Janan,ID
517,4.88,-1.76,78.3,86,100,5.55,2294915,Takoradze,GH
518,-16.25,-47.95,67.3,88,100,2.24,3458329,Luziânia,BR
519,69.07,33.42,15.8,92,40,4.9,496278,Severomorsk,RU
520,-35.17,173.17,59.92,94,100,5.14,2194098,Ahipara,NZ
521,40.16,-8.33,53.69,97,96,3.74,2738381,Lata,PT
522,44.47,21.1,55.0,70,0,8.46,786827,Lozovik,RS
523,47.69,40.1,51.8,57,100,4.47,528242,Mayskiy,RU
524,36.62,101.77,55.36,32,0,3.36,1788852,Xining,CN
525,-36.62,-71.83,46.4,100,0,4.7,3894406,Coihueco,CL
526,-17.53,-149.33,78.4,74,75,2.24,4033356,Tiarei,PF
527,55.87,85.43,53.6,34,100,20.13,1486298,Yashkino,RU
528,-3.43,10.66,74.37,91,100,3.83,2399001,Mayumba,GA
529,57.31,88.17,48.63,56,100,13.35,1489822,Tegul'det,RU
530,28.5,-13.86,68.0,88,40,5.82,2512186,Puerto del Rosario,ES
531,36.68,-121.66,54.14,93,40,4.7,5391295,Salinas,US
532,-11.1,-77.61,61.83,86,32,7.76,3939761,Hualmay,PE
533,39.82,109.98,42.3,52,0,11.3,1812256,Dongsheng,CN
534,-23.7,133.88,96.8,15,40,21.92,2077895,Alice Springs,AU
535,-9.01,-35.22,76.51,85,99,8.3,3395458,Maragogi,BR
536,-1.27,104.08,84.33,79,100,2.71,1627035,Simpang,ID
537,34.8,32.41,75.58,50,20,3.36,146490,Chlórakas,CY
538,61.73,30.68,43.36,91,100,16.02,550366,Khelyulya,RU
539,23.25,87.07,85.1,70,100,11.41,1277264,Bānkura,IN
540,-37.83,140.77,62.6,67,100,11.41,2156643,Mount Gambier,AU
541,54.02,-124.02,16.32,94,0,1.97,6173361,Vanderhoof,CA
542,59.98,45.79,31.21,94,63,5.53,548791,Kichmengskiy Gorodok,RU
543,6.12,81.12,93.2,56,40,20.8,1244926,Hambantota,LK
544,39.51,54.37,65.79,32,0,6.33,161616,Balkanabat,TM
545,5.4,125.46,84.13,74,81,11.25,1687186,Sarangani,PH
546,4.75,-72.54,72.9,93,12,2.55,3666526,Ubalá,CO
547,-12.58,13.41,75.2,83,90,1.66,3351663,Benguela,AO
548,8.2,-59.78,75.56,96,11,1.57,3377301,Mabaruma,GY
549,50.2,-66.38,37.17,100,90,5.82,6144312,Sept-Îles,CA
550,-44.7,169.15,54.16,61,100,4.12,2184707,Wanaka,NZ
551,56.01,90.39,52.45,47,100,16.8,1497951,Nazarovo,RU
552,-10.88,26.6,72.48,67,95,6.35,923058,Kambove,CD
553,-11.78,19.92,76.44,57,50,3.51,3347719,Luena,AO
554,29.76,-95.36,74.48,94,40,12.75,4699066,Houston,US
555,54.05,-128.65,32.0,95,0,2.48,5993072,Kitimat,CA
556,-4.06,144.07,78.84,80,88,5.01,2100765,Angoram,PG
557,39.01,-77.43,62.13,93,20,2.73,4787534,Sterling,US
558,14.69,-17.44,82.4,83,6,9.17,2253354,Dakar,SN
559,-39.48,176.92,60.01,91,64,1.01,2186313,Napier City,NZ
560,34.17,77.58,44.98,41,19,5.84,1264976,Leh,IN
561,67.8,130.41,9.19,87,0,2.53,2027042,Batagay-Alyta,RU
562,29.05,111.68,75.99,55,0,3.0,1791121,Changde,CN
563,0.19,10.1,76.32,91,100,1.12,2400682,Kango,GA
564,63.84,-22.43,42.8,81,90,33.33,3416888,Grindavik,IS
565,56.51,34.94,40.51,91,100,7.67,488946,Staritsa,RU
566,-13.87,-171.6,77.0,94,90,6.93,4035249,Lufilufi,WS
567,16.36,119.86,84.07,79,100,25.28,1728091,Balingasay,PH
568,57.97,31.65,43.14,89,100,11.05,512570,Parfino,RU
569,50.11,30.62,50.81,76,83,6.71,698782,Obukhiv,UA
570,-9.66,20.39,70.99,83,87,4.99,145531,Saurimo,AO
571,-38.38,142.48,60.01,77,100,13.49,2144528,Warrnambool,AU
572,-10.45,161.92,81.57,76,100,5.44,2178753,Kirakira,SB
573,29.11,21.29,66.47,62,0,8.01,88533,Awjilah,LY
574,40.52,-107.55,46.22,33,1,2.46,5576064,Craig,US
