,0,1
0,50.38275313592251,-169.44304507917838
1,35.54912596396123,106.3192564491726
2,3.4525342664785654,-83.67389516994753
3,-22.75858324820622,-27.337226036365564
4,52.6894036378944,87.664257754039
5,-67.87500960415258,-131.62440323848034
6,-61.78007822441596,-47.73543784910754
7,-28.837497778578943,176.6367772283491
8,-86.33277714233611,-132.5902605903154
9,10.063314107681364,81.32119547721356
10,-87.12623522230433,-26.991775682604242
11,-86.43718940351793,3.919326269688014
12,-18.555691286627194,-74.93317307747161
13,88.201208913496,-46.61432720034492
14,-65.15223292457965,-27.750648469102714
15,-72.14434026637653,-112.78398768978933
16,-25.394455564455797,-134.4417594914314
17,-62.60245647426436,34.33787654634736
18,50.28509264569905,17.947739906190634
19,41.09233387865393,76.80282486831578
20,-43.785111421578854,66.64837627350317
21,35.62072523884105,-175.89182696731413
22,24.978169088481224,32.72836434884843
23,-23.26631442765853,149.80064609137713
24,12.541533898153645,-131.76696377439296
25,-80.48751525000031,-31.07620597293382
26,-29.38707847810567,113.92838354324164
27,78.25924247050398,-67.04633850981037
28,78.32557331528446,119.65922234461459
29,2.57145562812795,-103.27981807838334
30,-6.614451922372993,-117.99468892592884
31,55.91696547627032,12.004188050201634
32,-4.567606706733301,115.31471687986794
33,15.371393579762682,120.53695090826562
34,69.36593061188043,111.69763771733454
35,-30.198914773838027,31.51829032689278
36,2.0849883512566834,-69.39604127759006
37,54.805458791456914,141.46587517516934
38,42.619345979569715,-0.9773938447922603
39,40.08332978910249,141.9901480737616
40,72.48032283712544,4.112601475813847
41,79.64221758886362,160.5722613853007
42,-20.786286051396587,-86.89953990510764
43,43.62585793785084,-40.593447800920956
44,3.1289442492663824,-137.52179797603063
45,-66.9119412047078,175.01012460014886
46,25.190284602233277,155.64248044469883
47,-61.55975479681282,56.80270835493633
48,5.88852685820892,-86.51148335004024
49,-86.96044911039367,127.93176235508054
50,70.17196097862916,134.65403397200168
51,88.5659396839066,9.595855165087386
52,-22.202280118029734,30.82652797559703
53,32.02750073894633,-130.5388689659348
54,36.05590351610107,-40.6223476921989
55,-87.98220909135732,-0.4115132921405973
56,6.650486221259499,122.91785100195779
57,-85.89618734544479,169.1551894115583
58,-10.031896304451607,-141.64069773620622
59,0.9470063888308715,174.11928042560612
60,-29.90199860321598,-27.76910706890297
61,-87.02726953107873,-88.72298001631216
62,27.888439190947835,-106.04993580957861
63,61.02553442050802,-11.75861283741014
64,-26.120950220122538,-1.4998222082292045
65,0.6715725112819655,-94.57630579415664
66,45.1965920330459,123.23515950960524
67,17.895153539626534,-117.44420020629519
68,38.21644424665439,-104.29172691168354
69,33.2143052031211,-126.56676716874668
70,-6.282374727794661,-70.96511973948112
71,18.061793835898712,-69.32422692241346
72,47.13073227622081,179.12766591615934
73,58.43422473012305,58.549121386127155
74,-16.319120430887892,141.5452419214962
75,2.0807495996757552,-142.2009920159252
76,-79.62846495061639,128.83110181115177
77,-83.0168396997307,-76.71945839705056
78,21.713219456065715,-91.55828376407905
79,79.57706657700953,84.37223090577459
80,-84.60653083491346,161.39468866583502
81,54.23532240824315,122.07796665254887
82,35.2769099132108,-26.968701435040856
83,35.4568510695194,152.4393427877058
84,-16.301803256666574,-45.05348975846482
85,52.015503349834006,-3.6634025973835946
86,-25.734702549870107,78.3981564995645
87,-46.668371645562324,-46.069438062698566
88,-10.033475647790297,-94.08296085204229
89,-24.551139975838012,77.81017963693984
90,-27.196894443077774,-146.0569642026294
91,89.47210015389851,-56.598249908469285
92,-64.79118144330295,68.2209179576335
93,11.896810907068016,34.9681559627947
94,43.915543674735886,-87.24989637402014
95,47.526390439241624,-144.3603920414929
96,36.70261100088287,3.3758173260712
97,49.92369932525034,171.79155835112937
98,61.035650600361805,157.43751821631344
99,-24.58347015503037,31.435528904473557
100,-26.93816582818966,147.95431114341358
101,79.27143450082522,-130.36944854290877
102,10.01268195169645,-20.124542379288755
103,75.60080111895519,-89.5746736368561
104,45.83152457029368,-72.74134699298887
105,34.87720994047859,-20.39795690510823
106,-42.7401825760077,57.24870728474093
107,60.572742464994576,90.17379760031884
108,-44.35960218426955,50.66022551230074
109,72.50949134857908,0.8342765689131113
110,-19.549978748651043,-149.28021510691687
111,52.54396874341995,161.83791463339634
112,-83.6582282024795,-57.81976105875934
113,-32.971378090678876,86.51396834363288
114,71.10516418172242,-0.9371949536650845
115,20.52478023819765,46.80481271434593
116,82.51278057453456,166.46309564562551
117,2.5485715992968068,18.7175835426103
118,64.73373671913802,38.47001464688762
119,-86.699448814485,-38.41548315119687
120,1.402215062643549,176.30056324288347
121,11.410424438096058,-99.0425389049017
122,67.71090386204068,114.27353660560993
123,85.01341258706907,60.44316315064947
124,-54.1833880271717,50.77745148909551
125,68.82946535500787,-46.757255398113244
126,-20.722220163329183,169.83392202467542
127,-69.31661145250783,-128.44442136171313
128,-88.38136980791418,-110.37951311643464
129,-56.21474425951394,145.53716628086914
130,-43.45531117244696,62.22355721621588
131,81.90119783147583,-174.22306119505274
132,67.11016624427265,54.32779717801287
133,-23.117479545502647,-13.08718333900535
134,-59.20861702518867,64.76416317848356
135,61.04805058271839,-167.32648584016852
136,39.54536507282026,-4.6950252788170985
137,78.61095794246589,13.240275973837754
138,10.535816584986321,42.368134546308426
139,64.77963436972402,11.193989120352484
140,64.93481890125608,133.49281937515013
141,-58.36382002818423,-124.10413639049254
142,31.320648044095407,-98.9266688345123
143,-14.14520855126807,-67.9148782310273
144,67.25304911249265,-164.02631400391277
145,-47.537037065946805,59.60255995485139
146,63.61122254633324,-72.42591322416433
147,45.38379077963003,-2.6880926036752726
148,28.918536977306857,112.81439470920799
149,-35.68837847181088,-34.094257958135756
150,-4.634675283903192,-177.8431675679468
151,19.980997675927412,-122.58626053468392
152,74.06516744550868,174.9103900151128
153,-14.210448472565531,-76.52567919499893
154,-38.16140158277098,-131.82773060339701
155,17.89547514102175,-8.346427214625237
156,-41.57146025102303,-132.7101375369768
157,-8.219054404690596,-170.61086272159264
158,75.74794962066059,-151.8951932774561
159,-69.45499933682325,85.3571598936781
160,-21.11979400239963,29.076511567292727
161,-0.30972390954795515,-149.10566676879608
162,-66.5790399254436,68.00350228242539
163,69.42126804209806,27.926436420178845
164,70.21642658003555,-150.5127716542582
165,36.49323658856224,43.48812704640855
166,-1.9489535657598651,131.21790153963906
167,-13.969072071690846,-54.89170801169968
168,-22.192288774206304,-75.80357878133145
169,-79.92225017582521,162.48278295152772
170,13.028775701395134,-33.76508335662686
171,72.94956203307319,-174.47336501881765
172,29.32420940298543,-21.06641795413458
173,-7.368632618375827,-65.2619916256432
174,-84.57906351399666,147.44116826971378
175,-65.03381696148324,125.95672359854944
176,59.150567446535945,-140.65256517343704
177,80.85447637252395,4.339794910762663
178,79.13937187057479,27.629930627313
179,33.05452861989019,-73.08541304239563
180,43.70409059244372,-179.13493690707674
181,15.710501436937435,-111.76894045729344
182,-59.01089928727232,-110.11138774061688
183,87.68942743136148,130.7147183094329
184,10.922227430801655,154.59138359242166
185,38.12560244805215,-3.2691715398295855
186,49.408441981551505,-151.18459525608225
187,-75.48568324202918,-110.29452994681156
188,-34.11463544185091,107.96972091117448
189,70.32551167607281,0.7674131655967926
190,24.626802085490027,45.38436989369387
191,12.62120697098618,-14.701634774675568
192,-83.14658930359185,153.1293354945136
193,4.172593085662456,-100.52882886653956
194,-79.77659113106287,87.60568061197381
195,-43.565549719343856,-175.70623796467194
196,45.15418259079141,136.2357414701388
197,17.914815041899686,-83.72073719968428
198,73.17821992942774,-168.07887225466808
199,-44.36096158549641,88.69154384979805
200,31.432450691699216,6.0098647716289975
201,-17.579663984178012,39.59503515104484
202,35.71045210101313,-21.593058844130695
203,60.49398940437993,127.42264672961778
204,-33.394027080206406,152.55115010806048
205,-30.472354593305127,105.67052096595233
206,52.08927658931347,161.33043084776716
207,-77.87265627060377,145.40377387614882
208,-55.162254171106106,-119.42014091301091
209,-25.80911823264988,-151.41916292999326
210,72.00034533190177,122.08121890400548
211,84.96490485191043,-45.93514715428404
212,65.36565991463243,-8.852999457508105
213,-72.48797392096705,100.06395286442313
214,35.51297355668932,46.70379625920762
215,47.17374725308602,176.14232573701457
216,59.65834411543449,169.6703715921575
217,-47.68018585971551,-88.31556082641234
218,-6.536080260822601,-18.78728637032475
219,-37.526943068094674,-58.45214413895086
220,24.75393128604472,-29.841414937692377
221,86.43509408590009,13.269999413872739
222,-52.310851548607374,142.5536352282448
223,48.459871181752504,98.05370626220406
224,-63.24556510026818,88.78130678194987
225,68.48211896972765,-77.96255583430946
226,-16.699670259993766,-106.52458012062384
227,-61.35009353492628,75.19106036107797
228,27.079180546272795,142.5444009644795
229,36.74069504955959,-33.54278690062918
230,24.864674262051835,-108.61088508077113
231,22.761638262295193,-66.6547526780142
232,73.04425430541613,118.03900730373732
233,-89.32291884438985,63.63407308260719
234,76.4196301138249,98.57593712067774
235,-42.6777408011363,-39.19685575369678
236,33.160035156374846,7.043021084473139
237,88.50365662378823,122.64630102247133
238,-22.200625120632466,122.18957282618902
239,86.68444554954735,89.9958923659114
240,-57.85514517221191,-167.35557589135877
241,35.69086153286935,-142.3930467481716
242,77.12140965045594,-50.65944412536274
243,-41.144064367430865,-24.49363516390349
244,-36.119804083836186,-145.84851402795218
245,-52.720773509328644,56.004258789466206
246,45.87272200517356,30.56871317424543
247,76.82060628766311,-124.56719836764526
248,-36.67331090153914,-119.3376717455331
249,-37.34516802682774,125.45161633651503
250,43.002520058423755,-53.40222041450785
251,-20.661856096245003,32.492330659508525
252,5.777058207985164,29.92812307098714
253,54.82954145848453,-40.23751980656024
254,17.89609670288492,58.64912860417272
255,-82.69602335639809,-175.07566277289467
256,-22.34184736501409,85.24315120125056
257,11.785340645981208,-151.61105211482788
258,54.6961068434361,9.705077338813027
259,-38.760345364680624,-66.38645787982108
260,29.972459642072593,83.29270195549418
261,75.16929084290038,49.33871160309684
262,-89.85650333258927,-47.99695689752042
263,-58.98451885235117,-77.30573965557167
264,-83.53671693795394,53.10482272690061
265,82.65406861972122,-120.35515008422283
266,-48.13146713476364,37.179765082078404
267,-8.901061240863342,-58.38199807708399
268,-35.13656045631888,-149.67155221681733
269,59.678540518524585,-85.30615656185722
270,42.05204297727002,101.63356926842386
271,64.15056366317339,-24.57863321257136
272,-61.992614785118164,-148.68718391857544
273,12.976855433422287,-48.88824304986056
274,-13.300952952998372,118.61617785099207
275,89.86586423712325,-10.552500296771484
276,-71.25035540767458,-90.76602110487863
277,19.5756780289351,-50.04062616507875
278,85.33055990356351,156.02840412002485
279,71.89648839837847,-100.72973598358382
280,80.13564845131745,-80.23156951253033
281,19.258092069956916,-58.157030498500944
282,17.424830703230526,68.36760375133625
283,64.73095666133935,149.03810886707447
284,67.15528196335481,-120.6374486225728
285,79.13015979136802,73.60915985123947
286,-19.9403143845106,-163.44452073128997
287,-70.78577435064656,52.033758135428656
288,45.125765176452376,170.4385271978283
289,-5.65169419974967,104.55249370511547
290,-89.02977013293743,152.08636210675314
291,67.22492249649679,-0.5641049849634499
292,9.634958522108434,-67.87370408181054
293,-79.9507257356837,-140.49893196355313
294,72.94965213618076,-0.6971292627368086
295,-39.481877229626036,103.90346342694204
296,18.90174874071151,-171.88380732117486
297,-89.04149722393977,-140.97928965074414
298,-13.99603565131676,-39.46702524160918
299,37.90640121981858,121.4237979113899
300,19.76494811075021,-133.60729954640303
301,33.533482423041505,81.9552635108169
302,39.66505646171774,26.66724088088077
303,62.316495557350436,-58.93223826176586
304,-63.576478360999744,81.97343756303911
305,-14.28464312993404,-50.561437985101975
306,76.84605618540215,93.00156077991971
307,49.232293428541425,122.20281333601883
308,13.14496510413285,109.69500158031815
309,-42.869169089716735,177.64872034378737
310,-44.228779811557445,-61.786817617222425
311,71.32353865501,-82.91027349749469
312,13.864854942766058,56.15624450277434
313,38.12087330313338,14.227750592622044
314,32.80401832123013,-99.2451639853705
315,-2.973868541695495,-99.25935432142207
316,69.64546343847948,92.07924383290867
317,57.67934003966991,-162.74733722435988
318,-47.176023325789025,-167.13295968565018
319,-15.29787863482953,-74.55292124679912
320,-7.147661932749415,-113.45777890268083
321,70.10534634475295,167.13626563630555
322,-58.70866569716544,31.147643683708537
323,48.17590248012925,179.64543054007623
324,-18.90314074283023,149.72900093366093
325,47.294199430124365,17.153099381363603
326,47.39006855123736,145.32191801634735
327,-75.66427138644019,14.520254859567729
328,40.21491698948034,89.67571972394558
329,67.36095056461181,-57.78849292527036
330,-19.369465914446735,-29.478527816799016
331,44.170397524711404,-16.01524216283059
332,-22.127042128413308,-124.92233480137926
333,-38.48740432226257,-3.344286684278842
334,88.98233624012877,-66.07482095941474
335,-76.34796571893183,118.96838041135209
336,-66.67791337701402,-18.883567159414525
337,-41.93425033609929,-24.893854115310205
338,-28.65614996730983,177.08750513506237
339,-10.390531798597394,100.40379143981664
340,56.133152358398604,-178.2344639803917
341,-44.36965297235521,62.26275547510042
342,-22.84307761601768,70.98804928292881
343,-4.022757903623969,-64.17072359058402
344,82.31445873380804,89.56000039642663
345,-3.9538284904961785,-138.08384949275583
346,75.91126460287978,-21.24118738261808
347,-27.267260394075798,-113.03254394195608
348,89.39759155674776,0.7777271923158935
349,-59.377245769514786,-35.56118265748037
350,-35.85825903634613,37.44639100497244
351,-64.24924712726485,92.89980063692019
352,19.146553185583514,107.57940896324243
353,-41.50089231573236,134.52846938817618
354,36.762740395148754,165.28667466639126
355,-1.060220965707984,77.2664823664831
356,-60.24642152446501,166.84215696260247
357,14.846397433517296,-60.75991340389936
358,-33.147847801447256,178.52751774224708
359,-33.42061438554625,17.54133206613784
360,-10.570055637007528,7.936164653533211
361,-23.69064491096573,-130.62172500203255
362,-32.93604054246357,50.332071126211645
363,-67.40312974567145,62.87435613959008
364,74.16572144940349,-104.07156818702889
365,-14.216317754053776,80.40449056984897
366,71.76664414327266,126.86555433368892
367,3.6848038567241588,-137.12163195057025
368,12.731811648863811,68.09665897560114
369,79.24928763912413,159.18396432217224
370,-51.30971602978251,-31.038641727334777
371,-69.32157823418156,85.20536546276679
372,-62.40210244942316,-160.77906842037925
373,24.319193528106013,-168.3822018842501
374,59.02394173810592,25.49199514888838
375,61.124868977483004,-176.1881121904517
376,-68.28195133342322,-151.08047536444934
377,-59.97107917857513,-57.63621987858427
378,21.714679799207516,-113.96205036115786
379,14.581050990521803,-42.495987577269375
380,-42.38938752622451,-7.801928669829266
381,18.938076373924105,48.720038521848466
382,64.19022216626331,-172.42688363723985
383,-77.67591771410706,102.11086797098523
384,-76.38234186792525,-148.59302598743633
385,37.026053340235805,87.37798577101444
386,-53.45628398000381,-92.88593213649251
387,46.201961740795184,-16.197346951690093
388,86.79195169656992,-49.0424261056246
389,-56.45735678963763,-79.37030233175285
390,-8.75258925931577,117.96674966902151
391,-57.11478818388207,160.7812640831562
392,-54.603132645992694,57.054730520590084
393,72.51702822054091,-107.73500932420808
394,28.25464703056143,-105.95698406331685
395,8.364270742740203,112.9460653910163
396,-34.244412643393375,-17.51500039379033
397,-81.07910502398606,164.55557695267908
398,5.62589021781541,97.47444991801217
399,-7.995592348569531,-106.77891978517547
400,25.471815940170742,78.20029709266265
401,-63.56840478214231,-34.0211799815857
402,6.707466702417804,129.2755678031612
403,61.92316368176765,-126.2694903175974
404,72.35054326722184,4.707311667250963
405,17.66297990648721,-53.55690047546109
406,73.03295024945774,-112.6195525935465
407,-66.57450381052524,-162.1521360259777
408,54.647990458952705,113.08469676852383
409,-83.82948013472705,-114.27777925706708
410,84.79604105001681,-23.95668969546719
411,-73.44900055919305,-127.38724129870769
412,78.25071223629067,-119.99230437733638
413,78.7285424191231,-145.7080215002523
414,58.39494306791423,101.33715878136167
415,-73.67823832145152,59.47041401777568
416,-52.13031895624998,-99.36028932339752
417,-8.530670909324044,-153.2896202924243
418,-84.62290409904287,38.94255735486453
419,79.32508035160055,-72.89351213846888
420,-85.50617626794563,-174.35320710601312
421,83.66265052892868,0.5404071280035225
422,-55.82385087190763,-116.77951688560613
423,-74.06674211142874,-1.4343372321460777
424,6.305209229655603,147.98161870723897
425,55.02123652009763,139.98552408297996
426,-60.857537593832035,-19.985972939400398
427,-47.8970832516117,-10.845177706313962
428,-51.104640062822185,-97.95196919096078
429,-58.938156786608204,-14.261569442101177
430,-86.83618501450194,61.78386595381278
431,60.00130824924423,-161.52926660294418
432,27.195704247292042,172.0466717886917
433,-4.8166693459448595,-91.28110046459209
434,47.655749595706624,147.7980209465099
435,-8.922753281602795,147.410606217632
436,-69.06410203495457,53.1818122767242
437,1.885252249458361,123.84675886755201
438,-37.21135451125011,56.92307519334497
439,33.20142418279683,-43.89413784707901
440,47.64068286129728,13.735427086959078
441,35.461193012378516,-45.04541952475378
442,-20.997030645473018,0.604403295289444
443,6.437498381898919,-11.658092414736217
444,-88.84184321721773,30.098133230992346
445,82.40546525966201,-116.46860300404883
446,-5.067573249258004,48.91648942948129
447,70.53164915174762,27.577039808600546
448,-2.996890892149395,-65.34222747421128
449,9.487741039207421,76.35572445811988
450,-57.26985873763952,29.190768546830725
451,20.912297220091148,17.570406268354077
452,3.1728762373903265,-42.10713319661622
453,-74.12490079356773,103.92707214440094
454,-76.38435400467708,-56.182004642052775
455,85.51874476214772,-71.28228710182759
456,-9.009346825959724,-66.45064689543702
457,-23.398354182814828,131.3379350630022
458,39.54759096657975,-11.309843121717194
459,71.34892163476798,92.19601340839802
460,83.06797900613492,-171.9227443704522
461,-73.56267411541052,-31.84681833254919
462,-15.03593070381919,-118.25173319992857
463,-4.072418392400124,-76.98836226780209
464,38.43327348418515,26.423423160594893
465,-46.20669253923189,-150.55970761785784
466,-24.142547606612254,167.15807200594747
467,-21.996436263862435,-165.73500143694196
468,85.50553682960103,-116.33517137526768
469,-63.43648484141623,134.04130736795378
470,-29.098688303319378,22.36800187589381
471,5.215382640012862,-22.77264160073372
472,-8.662014202136817,156.9490675399012
473,-5.054799387981632,100.86713460020661
474,73.87235451161143,68.23435342391312
475,6.538547398124379,26.49262317610433
476,-48.55660689546042,9.068856951779708
477,27.20515406852377,-61.46299095724795
478,-8.359001106076718,64.07791114012639
479,32.580790044174435,-69.38255487685504
480,28.83144235633317,123.32966333628792
481,-39.676300328651145,-72.8444674877027
482,-42.60043162025464,157.3249610965653
483,-32.93087727103428,147.64085218129895
484,54.384233907172444,90.03647849793657
485,32.793346330277586,-143.35562831839655
486,83.29363012247771,148.96062714906026
487,-48.482106295017374,173.21210383797086
488,-22.72037468429457,78.1072697141177
489,-26.393729673572608,91.27495744145216
490,54.851673851159944,106.49156351817663
491,66.29938896346965,-166.61790827626027
492,-6.089684889089497,-153.85755082039236
493,-62.641345587710646,39.668300467543446
494,-48.61533129735022,78.80009153139633
495,51.38354218644477,-106.59035348291303
496,53.459557114817756,-79.80653347157376
497,55.08190025108732,-84.76030804714291
498,56.52798101131026,15.107026568744146
499,-25.72669810092843,23.070838448023096
500,46.0267241913009,-139.66556460895174
501,74.86139019204501,-52.83282973799102
502,-85.49776198359346,141.34226533606795
503,-48.553891655588956,178.1263261665544
504,42.83430252797248,60.713450328006076
505,-87.80272209014935,-61.47581547622609
506,50.754149302293115,-175.83208015214134
507,-22.43670233023107,62.38605283012211
508,-45.17425785208376,49.8551224951604
509,-31.114139709947345,21.941091219230657
510,-18.618682795164418,35.85751156141157
511,-35.07319127011572,76.04815583580807
512,-59.37720550347542,69.8994012141165
513,23.338522517092343,-16.539745701427762
514,8.295695043025319,19.74436378616511
515,77.77486680479836,48.62428921827552
516,38.34199120368956,1.3183641446489105
517,-15.63266903647228,-1.0566597623074756
518,66.03926690017883,-62.43388107170138
519,-82.15670231587289,119.11954281086844
520,12.339205138461054,-171.5184370002718
521,2.875611003667416,-81.54431929593325
522,-48.525073230038004,-148.05289470000562
523,58.57065004420696,131.26441582106355
524,10.797109387893457,-23.16555677737793
525,52.22209948013477,-55.18983971631732
526,2.581146434414663,-151.49683679984247
527,8.988522583940707,-134.4550025006581
528,68.78187568789383,-58.679293886584034
529,34.03762495621464,-32.487821060160655
530,-83.85141332270652,-89.96584086536978
531,75.72431335227998,86.74481348541411
532,-37.15041462376935,135.91463380384124
533,83.15148500380815,106.95483763666476
534,-16.183419509254534,122.75851081168946
535,32.27821463240896,-22.78240759795071
536,11.851514250991784,-175.07702119151466
537,-70.36023785055566,-75.01071801913535
538,-21.298033403782753,-143.62041553657423
539,-38.09463827921686,144.77394351483736
540,-50.78359981875037,-46.19874055832835
541,-37.520347431638335,16.231622505780933
542,-14.905527384595842,141.66818521058076
543,-21.3424831981054,-158.25351870831807
544,-4.27276877024579,-97.11186257680944
545,33.98932009791122,-172.014190398898
546,5.916703212383851,-89.25171880536851
547,4.988759268053428,-36.311711202483224
548,9.97476263300942,122.85334612866211
549,-64.00635018658807,22.223597311650337
550,49.73679230736687,-78.08617908047782
551,-16.83924343834491,-139.41842219038574
552,47.1858113854484,178.79650645865541
553,45.56198431760751,-29.284036836671902
554,-49.00489924100433,-68.65750366288626
555,-52.98773559715997,172.16669767120584
556,-2.6307553683205214,155.87891547811842
557,-23.273072169797643,23.371880212136972
558,-6.124943146294797,52.866406406634326
559,-88.91070673560256,-6.277253715671549
560,-31.238918587703196,11.936302326490505
561,27.503358368570503,178.20204675585296
562,-67.01549488092638,-127.66411817673215
563,-34.17337839914965,146.90062723158388
564,84.99655545791418,-9.673707701151073
565,61.20923491371147,-139.05867531336446
566,60.924779839162,-172.01314436452984
567,-24.023301575947997,138.47974832650323
568,-11.792568510587103,104.81141699396824
569,-86.269288338624,-120.5877286205944
570,71.24005278107714,63.413869963653156
571,25.284675695491018,-161.77869724865278
572,45.45539915759451,-114.15119195304129
573,-47.00272684235193,-151.71403128172489
574,17.168989837853417,-127.46398900428636
575,-24.319108823983257,-18.21852204666331
576,31.28490670675481,-55.09449845156449
577,20.126952591844315,35.21871242619298
578,54.43898407016579,-121.81373822250383
579,73.97608991080551,175.9299661036559
580,-87.81464140111109,-130.95310088564372
581,10.343713226972696,-9.764938095607562
582,64.9444715557166,176.52342142008916
583,20.17027626683098,-16.164475235556324
584,-51.80171874824625,174.4370208646639
585,24.801280923973337,29.63434929270386
586,-36.167643159085316,131.75086913033175
587,-46.978809753983015,130.16568475725046
588,-25.827323519954604,-7.820547845012555
589,84.90541105176749,79.893191563235
590,18.084464053484623,118.38027363777928
591,-60.91068553682396,172.37248690242285
592,72.43270292792971,-25.472303966829003
593,55.43177833494647,125.86255755952374
594,-6.878892612903442,-131.62475714981724
595,-1.1478808934044338,75.97145069926853
596,-19.414955948709363,-33.40288815870721
597,-38.47963875446065,65.58530633796889
598,-6.808812502623013,103.48517482953952
599,17.494301987118675,-35.01948262001676
600,-61.73278791382095,41.79310005468375
601,-62.04859517125783,-158.75517004820202
602,9.125870785683745,56.96996242802547
603,1.4833590338398608,-172.02551819974735
604,9.062867005958381,103.49734547690781
605,-28.401152000949516,-2.221455057122057
606,35.464088994840495,-117.18796330746014
607,1.9264725588094649,-66.00085304289105
608,16.510562139318395,3.653488482475865
609,-72.19749372973203,33.481332258747955
610,82.80717084268107,88.22431698402272
611,80.69063433806295,110.32560188676007
612,84.18645267844786,122.99552208631195
613,-20.31901054868591,86.56450109580527
614,-39.13293472346897,-83.09882881009611
615,74.3363347703498,32.47039585967789
616,0.18574101308175273,19.264776596167167
617,-19.372778117504026,71.99692814892802
618,27.27563052713323,-129.06441893546895
619,80.31885818978193,115.25971080771046
620,89.5673352616613,-15.474121624932593
621,13.299350037228095,17.467918089658895
622,-67.76553580465482,-110.52312659166519
623,-59.57265846665484,-153.90297297217867
624,53.15470374056275,152.0166366400424
625,-69.48809791346295,84.96432805126739
626,67.21019743930518,95.48143891896785
627,6.1609619223737155,-120.96144079089046
628,27.6542364471849,-1.029823557687365
629,27.357906429603375,5.757782967425555
630,22.146729215390366,-29.401383058793783
631,-9.050990484335586,106.27278390436788
632,-6.326307571572627,-146.8952049642394
633,32.79532369502043,36.165749108165244
634,58.43562542049213,-7.616161144365435
635,-31.942699637631193,-140.11870923896424
636,1.0978462258617725,-71.40109991141271
637,-68.7301757646452,116.52183903125342
638,-17.30961404272537,53.031741113880685
639,-68.98970219441702,48.52282298753147
640,-63.99174284382586,131.37463826454098
641,-78.30834000017765,-18.351566382641238
642,-75.57694400173571,116.0506647390227
643,60.107686217452255,-94.53664886148636
644,85.68692222789514,-172.8629206944268
645,58.13975110636446,67.93294030974778
646,-77.25961777786736,-119.25964621760491
647,-89.89527636486035,-100.66218939839995
648,-54.25114656452467,-111.27826379674096
649,-18.12345314298588,71.4087098164089
650,-42.39549898568313,113.77939671096385
651,77.43339261936308,-101.5998381500638
652,50.00041855325463,-174.23081074465475
653,14.762618571266799,-22.674086599898203
654,-87.81965789960705,-122.4692125377524
655,-54.57679666076052,-168.43589391993424
656,-34.6922723659395,123.34749636495184
657,34.72647630489361,-72.87506239213577
658,-75.7095318510762,44.908927875755694
659,-46.50421685404898,24.11960936537764
660,7.23426625792122,39.96525274004287
661,63.03878179340697,140.04867152552765
662,-63.04398255142772,50.53806231031882
663,1.8559865853146817,-165.68920806554996
664,56.75365222473212,-75.19899281816012
665,18.736062097656145,20.322136268397088
666,44.24523474540197,-118.8068528002823
667,7.169721191397429,-40.65828487542538
668,-30.612761028050123,39.39112238223254
669,-63.48776886360971,-167.16778316722025
670,-75.66760526501457,132.69279216458887
671,24.72262933759535,112.12504675359031
672,29.03070229318884,-163.1207185538649
673,80.35580439492884,-10.579793094794042
674,17.607449903743586,23.6458538678979
675,31.489233509423514,-13.870720127378064
676,-65.6585086843123,155.2186285990349
677,-78.8528524138052,33.9913194765474
678,-61.943224475816336,-131.15207939910218
679,-38.23857069109245,80.99632576489552
680,-29.20924929061782,-136.43886455302442
681,57.874359164499396,19.948646324603345
682,-60.97696381916511,122.05859916656306
683,-21.677839658473715,91.61779997457563
684,41.187934758393226,2.261870462153155
685,-67.08235586485362,16.089404695799345
686,-44.318641076589785,-84.41793150419166
687,-56.2281785544733,-172.0149995561588
688,16.63596467711696,129.60562565074082
689,70.3263580722527,6.7982704994057315
690,-23.928787069159014,28.911313158560915
691,-66.98262301656897,46.878553186499374
692,-87.67345285740991,174.3958044436601
693,78.39755066425101,144.64685521531715
694,-66.71015614793139,-155.3965964130108
695,17.539624478769426,-132.11287876302677
696,15.831471084522065,-99.42794447780277
697,-80.44679520030378,53.63536475691106
698,-21.069394726133993,-70.96733674034171
699,-67.14261633373417,136.06728860948152
700,-26.503691560102865,-155.22579179330415
701,61.366587114950306,27.87475725622525
702,78.87299200642619,-131.81847804668007
703,64.48496020015688,-147.2853050798454
704,-67.36282950786304,146.3641350971546
705,-26.561562569960785,-147.90212341046333
706,24.942681762706897,-123.84757515450829
707,49.05264477593147,58.54337147871087
708,-32.72962805579008,-82.81480323122726
709,-76.89768374399708,24.51498295306382
710,37.77222265625207,-154.49636910311415
711,-29.47442055463908,151.93184205357886
712,9.446826847550483,-128.9638100711295
713,26.960395829595,66.0029194779591
714,-34.210493542061094,-142.35364312163313
715,-22.04127216533226,-47.073082959592455
716,74.25173693639448,161.55242398976492
717,-65.17569730144928,-73.556508528578
718,-54.26756229250198,64.88049106025485
719,-19.911240183185512,-175.29933041375062
720,-70.77578229580091,-154.34974028653693
721,63.18593238684994,-15.74732174267271
722,49.69365247788642,66.51699151919524
723,-23.54870810797287,-32.55002887691626
724,48.05856763393109,28.859841811434563
725,-22.629319752370606,-44.02431786260436
726,38.70976338432766,114.51959357081284
727,-2.539828050872643,90.34264586941003
728,60.52268540200191,-143.49831240523915
729,-60.58252629718208,125.38094954776136
730,-11.243926421828789,-42.422662611200394
731,-67.26080913170186,-70.18213837445548
732,59.76085312368639,-12.053196760583006
733,-3.7150092305835187,16.73095386588392
734,-59.57490686062203,53.25896387796794
735,10.46321897163736,-118.91785396802793
736,-58.17900850577591,149.96490503705763
737,-64.00834868269105,148.08559996416687
738,56.956301665103894,80.1219696759419
739,30.30626127990989,125.4495493144608
740,-14.310942762624506,-53.89870029713194
741,-20.66292164130212,-55.66833860744319
742,-89.73294252386971,55.605326679823605
743,44.10601862318461,-108.22327253989816
744,1.7204185801017218,98.71981539952088
745,25.94232734606966,-161.8306723666825
746,58.137622608562594,-110.67126486338834
747,55.67010939061703,-128.72860301465042
748,-54.89111657495432,78.07290604191991
749,75.27401083066664,-30.671888337702285
750,-67.94858076360379,-114.9108935382229
751,67.71908278324733,23.278594326686886
752,81.24054625772737,112.51673165064182
753,58.36240042560837,-110.2845332995916
754,-42.23712852692337,23.38525025680707
755,-28.49161024583782,-47.77376234770344
756,55.61594379749721,136.49307053435297
757,-33.90515332405827,-15.69887397967966
758,-63.35087102426898,-19.376923744291787
759,-60.48269557885986,-3.317033486500435
760,-15.611220043648856,52.659365183634776
761,28.617479160193213,55.9266691867208
762,72.12419637531767,127.50346310357713
763,68.3783323278659,46.96646980841513
764,25.00050678577034,34.55408259340692
765,-6.82226021254624,-175.47598200436343
766,25.099463052100702,-119.1253768651062
767,45.811436550629196,-18.508265248575896
768,-8.580142413731195,-166.65556911023927
769,-1.5528698101964835,-75.40142402817806
770,80.54866865993884,54.60510795944896
771,80.96133279820043,-120.62298074504483
772,-56.3124335378275,55.307409503402454
773,-24.630067048381676,-175.18904346636924
774,55.75322609660691,-100.3034306973521
775,1.976644338164263,174.69921751124258
776,59.428745960405564,-58.05232992906237
777,11.830029224391396,-95.91031650374288
778,25.570985223310544,50.37910964560325
779,-30.616971371326386,-80.44238179917413
780,20.855390972816537,89.85565297082331
781,-85.12993538499192,61.22785220878853
782,83.3413732522298,-92.28670722140998
783,-47.149782660951935,-31.650020854970393
784,11.282712730957641,126.59205370788902
785,-52.053349632651674,-84.30018177363976
786,5.329901380909092,80.39014291904675
787,7.023622434531546,-152.91371210382724
788,77.49484017851651,-112.68176940613874
789,-54.663407893126234,-179.50571708003062
790,3.9810614391976173,13.289326549572081
791,62.89009958503695,150.25321241317727
792,-72.45303004387047,-110.2772078349173
793,-39.86442661996412,104.6534351149403
794,-47.339541372774626,-113.65739103450464
795,-39.99688650637644,178.71994045765575
796,-63.56129721742407,37.71785727642302
797,-40.116109597837,-140.09382681520174
798,-75.47508628376718,30.654783315805247
799,-3.4600422959688473,7.03629489230039
800,-26.832710310561694,112.16721253217639
801,-68.3836799056454,162.24442756115792
802,56.21550553670528,130.9243108117027
803,45.16318439442995,79.20957109006241
804,88.1313198783194,-126.54205617971823
805,65.38398316951356,-32.70189895455712
806,30.71538604171603,-135.43632593990054
807,-53.470255572665806,-57.8935845462469
808,66.36928629526025,16.656948739854755
809,-15.157312196910382,-54.41342681869011
810,-58.49584025230355,67.95387727802247
811,53.03413994570073,-179.37711855480552
812,28.416579550312534,155.79661289397234
813,58.988922743154205,-81.99353119284102
814,-22.338390669605957,-75.08630834677085
815,10.993748117667764,72.4105228827184
816,-83.10361662933427,-153.81412935478227
817,-18.450446405814915,170.86427740123378
818,-82.65894624970785,-46.46572567717635
819,-84.44983354548837,-128.59869632989984
820,-30.136126003789848,-127.80809796523441
821,-79.92845419758342,93.36873099492652
822,55.977503661201155,21.463170314951583
823,48.07358482574449,153.44200182221283
824,-18.453218920819452,129.7795440271737
825,15.160285610705287,-62.782297991458975
826,-55.465746113991706,-54.954697449632064
827,-53.50980479575833,-114.23940778237663
828,-44.5445214399316,-74.76616211615566
829,-15.223513970148005,-90.94649022818828
830,3.5948004430266423,-57.32742369020002
831,86.0390854900688,-103.25377161370618
832,-28.112002178633567,-71.31804519328111
833,20.70300802356421,22.797779113713403
834,62.79869292705297,-11.46277741443339
835,59.28699967275179,-113.28346206176619
836,1.6148884734142257,-143.13268125225713
837,-4.001891119133461,-138.66625063766475
838,30.227822372947088,-109.20200207193784
839,74.89347421434513,167.73547832493307
840,13.548867221979734,-17.46807405214591
841,-33.68820610017306,129.74341162489117
842,-4.494583889317056,-172.2744171091547
843,-34.782969479314175,-131.67923821637527
844,-18.06466090350844,141.9752278036005
845,65.69293491855444,-30.78896908118972
846,-15.365918600503804,-140.73180546732956
847,4.053413413114072,-106.15127528172914
848,-57.889902070720446,-58.73800915662737
849,-52.65474286805459,17.415608694551736
850,42.07799531268705,-66.69767215352653
851,62.94281610552744,99.11069175504463
852,75.19152275566753,-2.1201584265219537
853,-63.19753000867841,-12.330327053364385
854,79.01558905751025,16.26247450800915
855,81.0777099545978,143.72547613055286
856,0.47040352037308253,-90.74692952004307
857,-29.293117472414295,35.108706180797896
858,51.66908875138847,54.80444414974926
859,53.21183196060281,-16.689440172314136
860,-58.56255862548101,74.06863025806169
861,-10.630588486990533,-62.197006245807145
862,-68.59320735612955,-80.17577701802958
863,2.8786049952908144,168.1143195466683
864,17.821363849445873,53.177359630520044
865,-72.82827486314785,-85.81060722824414
866,-80.90973833600485,115.29116144016035
867,13.931220641623582,177.37879130668324
868,44.051225672022014,-38.4662455275766
869,-74.69137081074324,114.48507487545879
870,73.52668082459505,129.66249558094557
871,10.15839190961286,-103.15271695201046
872,14.906006322216854,42.64865656686396
873,16.729957160428413,113.7501215578227
874,-61.250339682040135,169.1315414783436
875,-66.27623133526762,-118.23819417974042
876,13.141497858119024,86.68426337537483
877,52.23798719488181,168.50579327716622
878,33.31799272457633,-8.475735199278375
879,-64.15369972679419,-142.91343398299955
880,16.32709157795307,158.71629237615588
881,-37.24758411900176,12.194223150143245
882,-35.884564851475126,-93.58393868899279
883,10.455413028064356,103.11973260048063
884,-39.907414625515706,71.76674046439197
885,86.16771578983756,-1.0062893520395733
886,-41.8714678947829,145.74008571115036
887,-83.05516150409876,146.10288384644537
888,39.63228753939484,-35.24754430803421
889,-67.8815369753502,-73.7591022456489
890,-57.20631732611861,90.46690831540229
891,-7.304042469878624,160.8046768980564
892,-58.766779508861575,23.23362246523064
893,-56.97172395907018,-94.19876171684608
894,44.702777104627614,167.90645802860212
895,-62.46706907602818,179.30339486623114
896,-1.3927989119314503,-171.99306573116337
897,-83.72733951494007,-41.80257391989747
898,-18.809847091393053,-13.7771828307759
899,26.614948541780635,-18.951601545095713
900,-57.93017351920696,73.66867505373727
901,8.172635277510196,-132.71406550945778
902,79.63933626137032,-55.18568473487258
903,49.95219070499243,-178.8361400075309
904,40.569102570261606,102.17597686770262
905,66.67768317237025,-174.4721890109572
906,44.438632525052924,-94.56632834265548
907,33.41702143221411,44.148880073952995
908,82.49603658167447,147.64018875740828
909,22.676353950449283,174.3324039255225
910,73.73479574874361,-28.920466664371304
911,-19.420935988191502,-25.727416298234772
912,49.30907062034481,-60.809229241374496
913,-79.58699363823418,-147.26767301064663
914,-7.880620236542853,50.57239937473733
915,-73.65040657572051,-114.92019346264306
916,-4.603139295817186,-155.93412117168668
917,-86.15724042446854,-123.18544143115113
918,54.35676654786303,69.58184286439268
919,9.456757763868012,94.3104638460336
920,-49.31626751446328,123.82455439106121
921,68.29284732985346,-161.41663468788573
922,-12.540719701882026,136.8349096902715
923,32.59782654938246,-167.347458370193
924,-69.30681279051313,131.3520830585005
925,22.8243774268515,-17.088329257080687
926,-51.29959161412001,-108.27113332249851
927,6.234330536603437,-135.2533101092169
928,62.051185312586654,137.0933875698808
929,23.107350703791212,153.07724960544408
930,20.180975566955652,140.635635944456
931,-58.33989363788377,-136.6508068198092
932,-77.68689590290148,16.79502049166595
933,-54.0842627606961,34.2570376882737
934,-64.61574185286977,-73.08821283713212
935,-75.07138629622003,-16.489216079656757
936,-12.794303183232998,-148.53267575375364
937,-27.51195824625642,-177.8923379619044
938,-15.739495417074934,36.47774191792189
939,-63.95132776987745,-147.25865715328112
940,-26.36698306038958,-44.354909143632455
941,-44.48672254603469,142.12182708808086
942,8.121599569283006,8.206186381883612
943,58.498927494705384,137.5919823365195
944,61.15634665647036,138.290839623205
945,78.35754564322752,145.5120337112632
946,77.4205272872936,-66.57059721031786
947,46.75594837690332,83.4732618004548
948,-88.8543070531312,-157.0706180864967
949,0.6212047544304795,-84.19159884359298
950,-34.686098969521396,-178.06521581430738
951,66.61051270572099,37.82010443978979
952,-11.526248392321662,-15.000528516614054
953,81.34311829816082,-145.18443811160884
954,-77.68240136584245,-109.67528356452686
955,78.18560134929541,148.77780226113907
956,11.52119786276343,78.65784057427692
957,74.81829837237731,-120.33092240850863
958,54.07624469065115,-56.90165233973242
959,-42.60980416510019,115.75330045868623
960,50.30256047799227,-172.43201053502284
961,48.85263164817408,-174.29810582212843
962,19.32122303295678,35.2187591872225
963,-81.45286981210621,177.73327240019455
964,-37.755306436245036,85.90272103353345
965,-5.492914539477056,111.99550953105626
966,13.690335069710557,-76.70075289452097
967,-61.11859123957719,81.48315984033115
968,27.442149777951286,-80.01423979664067
969,41.15361974595882,155.95849631903235
970,66.42562946030293,-67.396961792751
971,44.69724691237903,16.531687884616446
972,82.66328178851305,166.82210877958875
973,-34.92024056492021,-47.72401820563698
974,29.69172041201837,178.14817050004638
975,62.20229433279712,-131.6351109779256
976,-44.40494469470536,-178.9163570403236
977,46.918317188861494,62.685370013228294
978,-47.52249141729455,-173.3524543646166
979,-73.00057923372403,-114.05266641443058
980,-61.53668208321103,68.50017201586871
981,68.85900950909135,70.82926703860397
982,-59.83383239812142,122.2776602054966
983,-36.007739109258274,66.550637802339
984,34.79298062024739,-31.014149096948927
985,1.7724385438723402,12.95066103769662
986,83.54311381232316,-60.401321153740014
987,57.68282888269974,-121.51443139090757
988,42.841171249221674,-141.30875876336077
989,-63.802447843959754,11.467229130014516
990,14.220921764623,148.10402996049083
991,-36.952000008189025,148.252493855191
992,68.62211484165547,31.7221203232441
993,-64.58186905384417,-99.71456252623848
994,69.71528840864542,-95.29161400022447
995,81.82406271117193,-16.843235435259885
996,-26.368384056683134,54.2881879977802
997,-22.872287087643244,-69.05681588855285
998,-0.6170904634739429,13.143940449185152
999,71.61205754237722,-32.45800273221835
1000,76.04965168760089,-21.94685294378388
1001,63.28258250815159,55.93854299730836
1002,10.597695164963895,95.08904711516601
1003,60.92059109770349,176.78760461497416
1004,-36.642128786110774,113.96199740950595
1005,-19.79017203030395,-99.94590306817793
1006,-65.40263454006225,145.94723812117957
1007,-72.94506441571946,3.7897582055989574
1008,89.05144233054338,-138.930909942502
1009,47.62839846338005,-163.05841302369407
1010,69.54780764922597,39.441834052387975
1011,3.765762088344715,-13.422407073454139
1012,76.54784601757993,97.61161269673505
1013,-47.93352130469332,-13.223742135094284
1014,26.33884611840554,69.55312389193361
1015,18.58181953122063,87.0231487650891
1016,-32.71792898967997,-95.99722837700016
1017,77.19307596375441,-167.13087867327954
1018,-72.61914417071617,150.6434561427787
1019,-41.53782368385002,-57.29280070078994
1020,6.740130599352881,-134.05838581462075
1021,-28.41493689847318,144.41160536181735
1022,42.43614168398409,-144.7735691296552
1023,77.49800553620247,-73.80884402423938
1024,62.973752988058095,-15.207653526891335
1025,8.509525366649427,-10.026046712222552
1026,-60.22768299724032,138.62953534784998
1027,-32.642897290034526,73.57273928570618
1028,-41.61705845551741,53.35189110098284
1029,34.52013678483023,-31.228689220558635
1030,13.536115245808148,-15.601275775397681
1031,67.67679376652552,-56.740624018628864
1032,-73.71727686772219,-3.6308924911355973
1033,48.54500992924537,-98.72456170335131
1034,13.344878504141818,148.8785993982376
1035,-89.88972579093125,-76.42294273699632
1036,15.88144723759055,81.0806726120669
1037,-32.352020854784875,119.16626421221423
1038,3.484167249554133,-28.309036580295327
1039,-22.306477330747512,171.14710622839613
1040,-86.85857288150775,113.19153877242843
1041,3.2247753975934756,-137.3141386841143
1042,-24.437619896493132,22.37027996161811
1043,-79.59009833267552,110.12245689367404
1044,-35.04964043906196,-87.07047162686847
1045,-15.819337639774574,-120.14742388713341
1046,3.9851239752067613,-94.00908174237051
1047,-47.46231370354113,121.17537731691601
1048,11.444042667051278,147.51461790411315
1049,-56.30503551681367,88.72218676832995
1050,-1.2539208045285477,112.05576616561956
1051,68.00771421948065,-178.02499114767218
1052,76.50313976509506,86.2702137447908
1053,8.904595019389902,164.92111970357888
1054,28.05900354039089,-163.81434890780548
1055,89.14468685586826,123.5268103900292
1056,-83.99840666655795,-2.7587038886408095
1057,-73.1523177233083,-165.62189076920296
1058,51.88749887609808,58.49988522728819
1059,50.6351362753897,66.79343999549863
1060,70.78534130895764,-45.51095405701773
1061,77.92662728619743,-39.181468911092
1062,7.697976098763675,10.492458517330704
1063,60.91837139272181,110.30705097785409
1064,22.39250262038172,-168.20353511567416
1065,6.079762058082608,68.99979462379375
1066,88.53566928022971,-63.30731997705145
1067,16.200969931021675,129.74141098884002
1068,56.15444253927373,-59.7567126040864
1069,16.667755189328233,-150.77607723270995
1070,-22.474505578633426,-103.78076430243485
1071,35.144761361069285,-127.81594143322764
1072,47.6924312795754,177.40962473978254
1073,39.54921815876361,-62.956641334549275
1074,43.84270264392538,-169.02638391539088
1075,-71.78977485647343,-95.46733008355181
1076,32.37668217742868,-150.64809132616068
1077,4.6634805010408655,-165.55012231002064
1078,-63.542942955421836,142.68554012100577
1079,-78.66284901727427,11.535171220120674
1080,44.38582990406911,167.8325449739171
1081,-3.5891444891968405,7.021048308716189
1082,-67.3377512214013,-21.97471207199564
1083,-81.45474637767641,-32.58663277668285
1084,-32.789906211918264,-133.07893769498241
1085,-44.66629744949483,-156.7868198415496
1086,-36.57793491667937,137.68130042118747
1087,21.655397439574855,-72.85631392716114
1088,-3.9393939995578506,113.73495441179818
1089,54.119918716002246,30.79072764405825
1090,53.77881510337289,-54.87756501322848
1091,-62.94377654181275,80.63697047163316
1092,39.03153799138582,174.04736356126153
1093,-59.32004332615291,-176.55702072167585
1094,-45.93822642594606,-169.19115885141636
1095,5.0264685173660695,-154.05787180133578
1096,-55.91743331416261,-135.225526941335
1097,52.737560593433244,173.2101227443817
1098,-46.86675006965662,-63.0935020283147
1099,53.501598982413185,-56.926199843737194
1100,77.61762954781705,18.578426778028273
1101,40.937660376102315,-177.63054675252056
1102,-88.66690811111508,176.91842551023746
1103,-9.029338783910063,114.87521613043486
1104,68.9716467336884,14.450026380081766
1105,-54.31985515323714,-66.46824369454785
1106,-76.35420163257157,43.1356888972897
1107,-6.8661564608216,22.207657582497177
1108,30.98367584784515,-132.04087956871888
1109,35.38676359217074,2.8054976231519504
1110,58.425944262072534,-111.15324790977208
1111,-10.222468599495528,150.30824408938315
1112,-57.466561956052885,34.50212246840832
1113,57.7290624721212,139.43823478874157
1114,-75.97406631350978,39.701753113907415
1115,19.7809039376788,36.18813077072065
1116,16.66578112635706,-63.47200462325961
1117,56.60513263045689,24.84937253239812
1118,-52.310330376603524,-148.83999517350674
1119,83.19340573079324,72.45593895097514
1120,-78.83982925297407,146.68487469326152
1121,66.507313592136,111.0904185233997
1122,-80.28750982849058,15.345218969931437
1123,-84.33311194032564,-134.48947527317483
1124,-3.0822703938949587,-64.64314310895348
1125,-16.999863286981736,-12.935013688352967
1126,-83.09482718546319,-29.63815191763331
1127,12.040862159283066,-1.3684723202927955
1128,35.77867073041962,116.60552543938286
1129,26.47113150721931,155.97621023576414
1130,-89.50795081781892,175.35527066001356
1131,-22.181126384895293,-5.141312536631517
1132,-4.60842566589119,126.00181991853651
1133,-78.48860033086206,-15.33804910153583
1134,40.88719902872256,87.29773988924705
1135,-5.762298916802067,-80.37183753303331
1136,13.238183165724479,-167.4406243770989
1137,-51.37777161572271,-69.92963126523182
1138,51.013792260857116,110.11039540823111
1139,-25.644927709345097,67.68197847378775
1140,-79.40154680576258,-33.792141568975666
1141,81.22466433759803,-116.6948332121801
1142,-39.026067196814004,64.59061493459305
1143,83.60069607591868,5.194583123841454
1144,24.784121133846924,-66.49431932582863
1145,-56.377744968544526,92.02843796353568
1146,-83.26719068039978,65.57792876338044
1147,79.54994750264152,152.04518778628608
1148,-9.750976018054544,80.7933840765379
1149,-26.86522757713506,156.73061914457804
1150,-22.037564590471078,-126.80372754741305
1151,19.66256227117431,43.2436088070304
1152,-62.661080512927654,175.251974282187
1153,12.07928874400622,-127.72671960916108
1154,14.39296691998831,-37.141000466285675
1155,31.47047729900943,17.85623666744658
1156,-43.59036540492961,101.71944401359667
1157,32.70981704937559,0.6088945103725507
1158,35.61204519172023,-175.3346997746829
1159,68.15148826605534,-126.53338644305776
1160,-85.19243317686403,56.36805458539405
1161,29.607422148339282,95.01482327815546
1162,65.31768044371819,-132.0451623586626
1163,-55.32882763621848,-177.83921372056537
1164,80.34590403063117,-106.18965458205494
1165,2.0896147430888448,-59.80265640835604
1166,73.84083913260122,41.09283766144142
1167,84.21223100004894,-117.9716585821799
1168,-65.6408842134389,-147.5510447366704
1169,60.609938074330444,-42.59349774136709
1170,13.585524045148404,146.53132964984252
1171,-58.60973338259634,93.15288444828974
1172,-25.384991101095068,10.32037514701031
1173,-11.73146873662101,-79.5887059473554
1174,-56.21796962394592,113.40603308040698
1175,52.63046103829362,-162.18104344345346
1176,-37.04071863621832,127.97152714942376
1177,-78.9380632506096,-159.67590979352866
1178,-9.002646071277596,57.217096545351666
1179,56.57016809930053,-91.24508740225619
1180,80.12814500322827,-108.81377286619303
1181,36.6407233692652,18.645329531781556
1182,22.289816261405818,-4.100426764613928
1183,-27.368778688206355,14.378396871670645
1184,21.165692940536132,-47.523916915365646
1185,-66.08147881515826,-53.03873962842157
1186,-79.64938748471285,-77.42134109060277
1187,-32.354105792318315,-179.33369290680852
1188,-43.346665159954654,-149.34844096074522
1189,-9.735848334304109,31.59967117532031
1190,-60.37277859746652,83.45654723721759
1191,85.66809294630673,-103.65742394515284
1192,24.021993817374053,-26.902791463792198
1193,3.696235574877136,-40.613302549785715
1194,15.427481495824011,112.47993877282619
1195,-6.318747859501784,177.1530440180265
1196,-37.37250536628357,137.58833870168456
1197,-28.522109488384885,-65.89772371497804
1198,-76.9521462814161,-69.26489028146452
1199,9.481207335227168,-97.25831781116761
1200,-25.17636613267149,-21.738708260887222
1201,25.42727462133125,-94.23764675358291
1202,49.0356645237695,-53.72953423042625
1203,18.734372704326944,-55.17750920871396
1204,-76.12884267106217,126.75512768907902
1205,79.77055124175072,55.274258552735915
1206,-10.920055089380412,91.65066632258151
1207,88.71363179577318,-98.3086190001885
1208,-75.60422172249764,130.10649604357332
1209,73.10021140834283,-64.7000585203379
1210,67.48487368297751,-133.90603451266395
1211,-3.8618235569151835,-163.95127916133586
1212,-18.141949512986557,-105.67628069955306
1213,-27.209306694772174,-144.88890955100578
1214,63.93470970601305,-152.8105269425834
1215,-69.80233879602295,-23.60460304755526
1216,55.875113825745444,-172.67452612099805
1217,-3.079362941942321,39.60579969025716
1218,89.47638586553771,-100.0868590099248
1219,-61.08959090373585,-49.212502104837114
1220,51.848284625082414,148.7255685823634
1221,11.920708961003982,-89.45336310814521
1222,-63.675231958684066,-47.55210621508169
1223,-80.32867901077657,171.5917696889814
1224,-89.58038171207549,14.995089068361068
1225,-30.47343952755577,47.244512047419335
1226,-64.3454064636841,132.25748041299812
1227,74.00567380531274,70.51584298193379
1228,-61.42839311150122,120.67493058098972
1229,58.7804354977217,-161.3755590628119
1230,58.30380843986572,74.76922277533117
1231,18.458326441724992,-93.60283509523686
1232,84.82572831590156,154.0133521595668
1233,-60.24011977010285,-35.5509205172271
1234,-68.49250307265976,178.7791105843492
1235,76.54718042004507,-130.38406539497697
1236,-24.812299910891113,166.7040749229842
1237,-45.54264470280745,-33.78808420582601
1238,22.473443617016898,121.09907715401584
1239,79.81710012713472,40.242282666726624
1240,83.31801659564951,-51.52004504773993
1241,5.849856566288793,-133.21300269055953
1242,-29.4892420854338,154.71117723234545
1243,-6.652608975012171,-154.89255739866456
1244,-15.545336850976256,-91.72349176234363
1245,81.60027931015978,56.32505332075203
1246,-35.405972934639685,143.51826625120793
1247,33.29281656758815,-28.763368407624824
1248,62.24171334305436,55.38225757658057
1249,21.793643073762112,-165.02187274218892
1250,-48.343759158769984,68.08968791378405
1251,12.27647792276693,174.44415167765618
1252,-73.30647857738865,-155.89127446614773
1253,39.05832301480791,-126.55984402694904
1254,-87.52950309094115,-155.80837770490234
1255,66.10315878107127,109.04104250825998
1256,78.57182483283967,-167.6561772806849
1257,58.2169231606392,61.39435712245262
1258,-24.362917409874882,-36.55337058679763
1259,-86.55872682916484,-73.9752774518376
1260,-28.074790500561498,155.47336199425035
1261,-45.021309824238465,-129.6251127180388
1262,-43.38145183860138,116.58041735049494
1263,-70.4055062171312,19.767509035055554
1264,73.24072255155255,157.06916742655966
1265,-26.674849957550485,-110.47901568427051
1266,-18.4258776257645,167.83786669775935
1267,82.73761750699617,85.32105053931576
1268,-83.1057177205034,59.79400121579283
1269,26.54789957273678,-75.96855481126836
1270,-50.054559551120235,-69.31821507373319
1271,58.83816129501011,-38.09222003603986
1272,-9.216073769556644,-153.22131021116965
1273,45.54514211021794,-135.98325599914074
1274,23.344354523983597,0.10440739450748993
1275,-47.305916545967015,99.59879999056835
1276,-16.517695080343415,-162.5317194359396
1277,-81.0687269892467,-63.210619304392566
1278,60.314970188850054,129.16151250408285
1279,89.42401351741384,23.290470044268574
1280,26.923768491581157,-21.417504651141144
1281,65.29654132131935,-163.5761345876373
1282,73.97447369590367,-117.59053345748958
1283,-86.242289763761,144.0633426939669
1284,-48.06877738376024,42.09414192934989
1285,22.22050267096587,-162.242414670431
1286,-3.1525845685061853,-165.26772810393368
1287,-70.93513615674915,-86.16348421959374
1288,-65.7979426759731,42.3296780135982
1289,58.96151084217854,-30.80700793492491
1290,-68.57644764205875,104.98541390569477
1291,58.98640702535195,95.94455817999807
1292,-24.016087121585187,51.478327940757026
1293,64.27840011209636,144.81692407529187
1294,77.02654000221045,-167.3388566874338
1295,3.6564503469648173,-157.48672885027204
1296,47.376837915170114,-86.85768044546273
1297,-49.21965638929434,-65.06571499903646
1298,76.97907724273657,58.32688077874195
1299,63.76773779897283,178.04364848003434
1300,20.887384956897165,1.7154268705103561
1301,27.054357501865226,61.770893266120254
1302,0.4097290998320915,114.93612323516794
1303,-40.90951150690475,-22.37080833626092
1304,40.240571518957836,-44.518168500751045
1305,-1.5709862690118683,-91.34330735179198
1306,-1.1741783819300622,-1.3034419983434589
1307,-16.477875876970586,-48.13435790181873
1308,-59.334052744139655,-130.31318470304427
1309,68.80235935113097,33.777479541038616
1310,-50.84784304878644,-177.47749555818334
1311,54.23338154610252,114.34826394059945
1312,59.71906403773377,-159.5069541823011
1313,-31.3341731702223,167.2096334832351
1314,-7.645018007719685,167.82684430882392
1315,-24.77153543883962,103.77957054547545
1316,-41.69745562427699,-113.3545466908489
1317,-66.71774526765454,134.9950502435657
1318,-64.28447771737893,-163.24985299601872
1319,44.44424257774199,21.1870632649281
1320,48.25016830474485,138.88192151382543
1321,-0.8085285711190693,129.16759984836892
1322,35.40033188999634,99.15813176839595
1323,-37.421444329587814,-70.01496617474437
1324,-44.16116266797161,20.41241146350825
1325,83.49348763939287,-131.86212593661094
1326,85.58037416883371,-48.395925739898956
1327,-21.231934736131095,75.21621784662705
1328,-11.869183486037002,-147.28938857009123
1329,-10.028274156604724,-131.08106047908706
1330,-40.139515832044246,131.65188585539852
1331,14.58005342735268,-152.955869206819
1332,55.92274887130844,85.50979279973564
1333,46.80355518044257,-153.8934536740847
1334,-66.74702599658782,-75.80576108771494
1335,9.366576518580146,60.6390043952521
1336,-5.783902431540071,8.516786199205143
1337,-71.2439384743269,-77.50348230938286
1338,-57.04236121677258,151.36911591371972
1339,-12.661592457885178,-70.53505809302693
1340,-61.476804727187755,-61.490137720055074
1341,-59.34921220237693,-158.19204201898808
1342,59.17981629380057,89.28447857079567
1343,-48.233534990575635,-67.04266444513834
1344,68.12381267557035,-10.366290733203925
1345,26.791932505062206,-11.254019364312512
1346,-85.3618124275647,47.03505861506514
1347,86.17969956540762,-54.249154757818005
1348,-31.511288691053643,110.29484444914686
1349,-1.824223789330091,-83.88282868532472
1350,-72.90454112408727,71.66846026919973
1351,10.771587449297542,143.66197277069438
1352,53.96015522617435,-77.77506149234162
1353,-59.11306044564076,178.16634123915333
1354,-58.71214781769982,-11.29371983621536
1355,25.227459922289015,-155.0942591655302
1356,-18.642533489784697,-92.60917784020863
1357,79.01789249214164,84.443512079919
1358,66.6523229851314,176.16739311637207
1359,32.97506278257539,-25.291236285449116
1360,-72.07665353827828,162.67008345825462
1361,-53.17619041018978,-6.849973248436555
1362,73.42278118977615,-37.504189636061426
1363,-56.267205327444316,-35.417134951986725
1364,40.82222316893365,110.24441384775116
1365,-1.6562924544650173,51.156702456435454
1366,-28.0610487970226,9.643796456465566
1367,-22.47855258338295,133.29650777123487
1368,-16.31252468171313,-25.962479161776315
1369,-82.10347570810386,27.31283804281898
1370,-36.32420743533151,-136.13579539134224
1371,9.746031154930435,157.55961391531736
1372,-72.47750088878979,164.7432536622602
1373,-25.06212490025399,-164.78679828797965
1374,-38.02143509776498,-126.51782208297072
1375,-0.9441921126527149,105.08270093738759
1376,-23.992832449543585,61.60984224782425
1377,35.016335587925525,31.099360720706812
1378,-23.99649237935786,-91.22925194824609
1379,61.804735873624594,30.710090586608032
1380,23.387322540906382,86.90322151130147
1381,-83.62238342241722,-142.2341616079554
1382,53.496426259439176,130.2921278915383
1383,-51.87335749319555,132.41371302869646
1384,39.22010502217489,-61.57879718640119
1385,-59.84542079914022,152.95264460562703
1386,88.00536332532926,78.01459679729243
1387,-81.04366975925387,156.76073266996463
1388,-6.340939071449796,-155.047415882382
1389,53.83550003098665,-123.64389970853433
1390,60.23895354231507,45.1129578049011
1391,38.289736350440876,-172.8711257905139
1392,-0.8325702240504995,82.8438483458093
1393,40.502770814042094,54.587112705794965
1394,-5.892565936325795,60.84121930062665
1395,-47.97142695599886,-30.980517691946517
1396,89.67715792462042,-123.75562953352538
1397,3.7725747704299835,124.34037107453162
1398,71.24172811633267,115.49322492509702
1399,65.04444530903459,-86.50485418553286
1400,4.834731852990259,-72.69771287585762
1401,-11.748740058891798,11.238408287191106
1402,-48.797391609660075,-85.12794501983751
1403,-49.8732056037479,101.35009199269115
1404,-4.324439472779403,-118.28629639377162
1405,-20.435627488990846,169.81543709592717
1406,58.830648428920824,60.51766533187404
1407,-11.304879925708676,79.98942059935126
1408,50.37121221409714,-30.550034831147542
1409,73.61061256222257,-130.85862963221828
1410,81.93298323013556,12.602309402164906
1411,8.981807293311277,-60.179509706087416
1412,52.93187031939294,-67.4043026467968
1413,-31.78187242743215,-34.54230056476342
1414,-42.82055474605118,167.52693217609902
1415,-75.27181303481711,-86.37555209800223
1416,-46.78329961153369,56.623285359405315
1417,-60.99885511239988,118.99084576449212
1418,-68.47077216612608,-15.132087050512496
1419,55.75195691232042,90.74587714872325
1420,-11.363491574089082,25.97493196524843
1421,30.858437574225192,-72.15530905351805
1422,-12.122995835509428,18.979388904820297
1423,53.497560703453644,-126.99231205417988
1424,52.95718768242716,-128.50828505109757
1425,57.07638068288949,-97.79533238132689
1426,-66.06723945943486,116.01379690822006
1427,-31.99937523259893,79.64989843933404
1428,-89.80213739395995,-14.67114526818844
1429,-4.426220769759254,144.4882655207394
1430,61.2786635080935,-150.8406019518303
1431,-6.97193220765422,-165.5021881983076
1432,12.868448686557912,-19.79387691628645
1433,-23.40637747261792,58.40630413794696
1434,-76.67333971846088,110.34131932955063
1435,-87.84787087381842,121.65312446516538
1436,-17.70374144424467,-117.42127799878489
1437,19.167125998681897,35.330192542419894
1438,-39.64188806541996,177.12158915709853
1439,-30.414920421856117,132.9655687414438
1440,-57.075576175421546,-171.44320653943032
1441,35.30005305335591,79.9873597089599
1442,69.09962346511739,129.4520692366753
1443,-37.89296865202441,147.9786163531868
1444,89.72415890901829,-76.08190932111374
1445,59.37074573596115,-160.20312806508485
1446,-55.33355394827072,-154.62631775024758
1447,-60.53939972605312,100.46734980238529
1448,-59.931895106505266,110.50893053984032
1449,-47.58274580294959,-110.45341252471492
1450,-60.58521938817251,-32.066415109008574
1451,28.5798608601484,111.51820246959983
1452,15.008127153507829,-17.38696810022998
1453,-66.40003645558875,46.67009755303249
1454,63.34117586488816,-172.2716819638828
1455,40.87409519606268,-59.12710185140892
1456,44.40650832598706,63.03960926995387
1457,75.04439691590485,-27.6855678194666
1458,76.02981808336293,132.95482806847974
1459,0.2216304437212102,10.311150771265744
1460,58.87425796171644,-26.461391080954115
1461,-20.051888106177202,103.18036740225057
1462,-65.06999018817349,-62.772696568972705
1463,56.520052520304205,35.233363701988
1464,-12.064489717640939,-170.56795042652794
1465,23.967042772211713,-102.03758412373958
1466,-86.61745732483293,-158.64260160816673
1467,-28.179386473544483,62.088349956114115
1468,-61.81412675496475,59.659227652224075
1469,-83.40677570569719,-178.98602185458037
1470,-9.193558441704027,-101.5734357392295
1471,16.728750435386928,119.46050325855032
1472,2.8699863334434923,-153.68863784913648
1473,41.56170669042609,151.28382362015083
1474,-88.67335525821245,-18.53552371534107
1475,-83.41878612913291,-133.81550313520466
1476,65.57609916304682,-5.277663708961654
1477,29.024780020166915,153.40952478669817
1478,58.10245619649959,32.03069539695139
1479,-36.63628320072557,42.73924147547774
1480,-2.1308304547275725,173.08996644109897
1481,45.003014930690625,-163.89381369615816
1482,-0.6779450347996203,-17.513444701659466
1483,-49.1800503984736,113.45483586614569
1484,-53.882033744357045,177.54889953386567
1485,-19.41958675221703,64.08793966405926
1486,-72.51412813198586,158.97528721917269
1487,50.013499789895974,30.4577840736103
1488,24.20166197719695,-166.43307933569685
1489,-88.99706760259389,91.6362025992496
1490,-10.093297005157922,20.00740186569203
1491,39.617486328303244,85.13351695773753
1492,21.37592561039547,-54.216660539075306
1493,-28.106175462338257,-17.406115937459163
1494,27.074283980052087,129.33261374671855
1495,-42.04278714848372,142.00986844641136
1496,-11.463002720533808,160.90338523911902
1497,27.95896103096537,19.221289957682927
1498,-63.37104660956014,-121.94544086465746
1499,40.66748413570758,-107.97972442654554
